DateTime,Pred_Normed,Pred_Final
2017-05-03 04:00:00,-0.2431858397997862,39.45760196665217
2017-05-03 05:00:00,-0.17295728798111312,41.0734447255289
2017-05-03 06:00:00,0.12048465085437342,47.825058132598976
2017-05-03 07:00:00,0.2911301138118832,51.75132784077974
2017-05-03 08:00:00,0.4666936044385844,55.79075322697785
2017-05-03 09:00:00,0.9055874540585304,65.88897439854637
2017-05-03 10:00:00,1.5184810031195601,79.99064070898854
2017-05-03 11:00:00,1.8666938164323459,88.00244129961318
2017-05-03 12:00:00,2.211569261376029,95.93745456694457
2017-05-03 13:00:00,1.6452120300279343,82.90651191595339
2017-05-03 14:00:00,2.1276324347458497,94.00620708994043
2017-05-03 15:00:00,2.049025220758197,92.19758518007427
2017-05-03 16:00:00,1.7503163957182295,85.32478943740213
2017-05-03 17:00:00,1.8346471978745031,87.26510163928708
2017-05-03 18:00:00,1.9056553449192255,88.89888159419368
2017-05-03 19:00:00,2.054337682781964,92.3198161398565
2017-05-03 20:00:00,1.9884969722096895,90.80493034679333
2017-05-03 21:00:00,1.7642795076987314,85.64605753706812
2017-05-03 22:00:00,1.7720253310559857,85.82427611425982
2017-05-03 23:00:00,1.261035899335793,74.0672549067106
2017-05-04 00:00:00,1.0893198382379243,70.11635250701099
2017-05-04 01:00:00,0.7337654179170093,61.93563368846624
2017-05-04 02:00:00,0.37436375712574443,53.666396233345836
2017-05-04 03:00:00,0.017883503911129965,45.46437553204155
2017-05-04 04:00:00,-0.378465613220748,36.34503824941738
2017-05-04 05:00:00,-0.6025537803560269,31.189140358337383
2017-05-04 06:00:00,-0.17564243873979263,41.01166385012217
2017-05-04 07:00:00,-0.013106448474295603,44.751348011707435
2017-05-04 08:00:00,0.10327636646017299,47.42912398600211
2017-05-04 09:00:00,0.4810042661326107,56.12001787040566
2017-05-04 10:00:00,2.0030336894891874,91.13939615515234
2017-05-04 11:00:00,2.4621988590051163,101.70402685131664
2017-05-04 12:00:00,2.4224687931986635,100.78990378483496
2017-05-04 13:00:00,1.7785440701795068,85.9742615138868
2017-05-04 14:00:00,2.395049676859957,100.1590352926996
2017-05-04 15:00:00,2.313578587595588,98.28452035203087
2017-05-04 16:00:00,2.3182208295435642,98.39133065699001
2017-05-04 17:00:00,2.143231157802277,94.36510789375495
2017-05-04 18:00:00,2.2601505238180133,97.05522902051229
2017-05-04 19:00:00,2.321330078525692,98.46286933069479
2017-05-04 20:00:00,2.149565828935167,94.5108581935244
2017-05-04 21:00:00,1.8763756211744034,88.22520360468968
2017-05-04 22:00:00,1.7654924622385544,85.67396561375863
2017-05-04 23:00:00,1.7369767508118195,85.01786628335984
2017-05-05 00:00:00,1.4537076658404384,78.5003134090467
2017-05-05 01:00:00,0.8715381865007817,65.10555709883758
2017-05-05 02:00:00,0.5515050398331972,57.742124004295924
2017-05-05 03:00:00,0.05748017329634825,46.37542936762311
2017-05-05 04:00:00,-0.22066017041068942,39.97588034245011
2017-05-05 05:00:00,-0.3707590045881599,36.522354560689415
2017-05-05 06:00:00,0.09178432770605904,47.164711191993334
2017-05-05 07:00:00,0.3864419889534165,53.9442963599093
2017-05-05 08:00:00,0.47271190901816806,55.92922445589829
2017-05-05 09:00:00,0.8310632041863463,64.17429473624027
2017-05-05 10:00:00,1.3743674016392742,76.67482522686365
2017-05-05 11:00:00,1.9656605341523776,90.27950169821862
2017-05-05 12:00:00,2.081040476106339,92.93420322484693
2017-05-05 13:00:00,1.8490603833014772,87.59672518414752
2017-05-05 14:00:00,2.18561631002983,95.34032010498794
2017-05-05 15:00:00,1.8252003484644057,87.04774526758064
2017-05-05 16:00:00,1.8068307271807236,86.62509068100758
2017-05-05 17:00:00,1.8709183627046706,88.09964111830374
2017-05-05 18:00:00,2.022158610928429,91.57942894838826
2017-05-05 19:00:00,1.9122048908151748,89.04957580667333
2017-05-05 20:00:00,1.7049914877945143,84.28193831248663
2017-05-05 21:00:00,1.6157355761921917,82.2283074926182
2017-05-05 22:00:00,1.474888172645405,78.98764181984049
2017-05-05 23:00:00,1.415637543451948,77.62438289363719
2017-05-06 00:00:00,1.1341711711594764,71.14830745482737
2017-05-06 01:00:00,0.6289306327256929,59.52355876818083
2017-05-06 02:00:00,0.11684968644355126,47.74142361686574
2017-05-06 03:00:00,-0.18598252211162325,40.77375564313403
2017-05-06 04:00:00,-0.5362861707504526,32.71384839169834
2017-05-06 05:00:00,-0.6668869932128367,29.708939593008324
2017-05-06 06:00:00,-0.6643763499622203,29.766705339440144
2017-05-06 07:00:00,-0.5227635010868085,33.02498264252411
2017-05-06 08:00:00,-0.4140430699918279,35.52645984485011
2017-05-06 09:00:00,0.05747021558605863,46.37520025718798
2017-05-06 10:00:00,0.05411539423190786,46.29801136959101
2017-05-06 11:00:00,0.30769164589143294,52.13238128690149
2017-05-06 12:00:00,0.38685740615771136,53.95385442232252
2017-05-06 13:00:00,0.12152311106744065,47.84895138359465
2017-05-06 14:00:00,0.12148006906333222,47.84796105830864
2017-05-06 15:00:00,-0.048592525271338116,43.934872109121635
2017-05-06 16:00:00,0.17650498552158342,49.113993327440824
2017-05-06 17:00:00,0.09920948629488989,47.33555180351913
2017-05-06 18:00:00,0.2847185390309422,51.603808115333464
2017-05-06 19:00:00,0.29343168756524013,51.804283244060514
2017-05-06 20:00:00,0.5560454869695759,57.84659217909643
2017-05-06 21:00:00,0.3783299669179689,53.75765215714018
2017-05-06 22:00:00,0.41434950699628315,54.586402167020616
2017-05-06 23:00:00,0.32010282398111123,52.41794195597403
2017-05-07 00:00:00,0.09728740227630182,47.29132783103274
2017-05-07 01:00:00,-0.07921705663292011,43.23025232182527
2017-05-07 02:00:00,-0.3831908260698008,36.23631892132975
2017-05-07 03:00:00,-0.6474892296867782,30.15525003114626
2017-05-07 04:00:00,-0.7829784494770942,27.037867299557192
2017-05-07 05:00:00,-0.8749147265412728,24.92256570604294
2017-05-07 06:00:00,-0.793276800303,26.800919289389235
2017-05-07 07:00:00,-0.7115826151963011,28.680567296197424
2017-05-07 08:00:00,-0.5449106586298398,32.515413197919756
2017-05-07 09:00:00,-0.20238792822473073,40.39629439713339
2017-05-07 10:00:00,-0.07241012455673207,43.38686856437392
2017-05-07 11:00:00,-0.027018026033679428,44.431265633789096
2017-05-07 12:00:00,0.019355664131276144,45.49824750248701
2017-05-07 13:00:00,-0.022406263793150367,44.53737465111954
2017-05-07 14:00:00,0.06973820624163195,46.657466420357025
2017-05-07 15:00:00,0.168261442891358,48.92432305343413
2017-05-07 16:00:00,0.18735849680289493,49.363714660974445
2017-05-07 17:00:00,0.16640541649955168,48.881618957623814
2017-05-07 18:00:00,0.6239832658963379,59.40972804464034
2017-05-07 19:00:00,0.818601519542124,63.88757199492898
2017-05-07 20:00:00,0.839030996637728,64.35762045495991
2017-05-07 21:00:00,0.72615827315705,61.76060587630454
2017-05-07 22:00:00,0.5590066929152422,57.91472462752285
2017-05-07 23:00:00,0.7282222404445904,61.808094348012474
2017-05-08 00:00:00,0.4119246956790139,54.530611271335225
2017-05-08 01:00:00,-0.0002194399767955213,45.04785675103091
2017-05-08 02:00:00,-0.3322098446304488,37.40930693782623
2017-05-08 03:00:00,-0.5363558485895169,32.71224521992859
2017-05-08 04:00:00,-0.43403146852514235,35.06655987261388
2017-05-08 05:00:00,-0.49771369793537557,33.60133715910362
2017-05-08 06:00:00,-0.19819968119971776,40.4926590302135
2017-05-08 07:00:00,0.1181767968793477,47.771958231810494
2017-05-08 08:00:00,0.3620954330566894,53.38412239888433
2017-05-08 09:00:00,0.7500183340711534,62.30958639286077
2017-05-08 10:00:00,1.2778833837766521,74.45488764345475
2017-05-08 11:00:00,2.1645205039148303,94.85494051690243
2017-05-08 12:00:00,2.327999412348093,98.61631966512977
2017-05-08 13:00:00,1.9071133428491713,88.93242771377825
2017-05-08 14:00:00,2.2763798304885516,97.42863850975945
2017-05-08 15:00:00,2.376192248710979,99.7251570774085
2017-05-08 16:00:00,2.344629335511101,98.99894667690415
2017-05-08 17:00:00,2.4249247194413073,100.84641058346236
2017-05-08 18:00:00,2.688230265520745,106.90463546474798
2017-05-08 19:00:00,2.7342620746191395,107.96375121586988
2017-05-08 20:00:00,2.5630883940547595,104.0253280946816
2017-05-08 21:00:00,2.4496488577148483,101.4152720901316
2017-05-08 22:00:00,2.1927856560693466,95.50527489308817
2017-05-08 23:00:00,1.8021766760811444,86.51800866701255
2017-05-09 00:00:00,1.232080532283515,73.4010398279369
2017-05-09 01:00:00,1.1446221899697486,71.38876810267135
2017-05-09 02:00:00,0.6364266233664843,59.696029108005064
2017-05-09 03:00:00,0.009686653308939697,45.27577956433114
2017-05-09 04:00:00,-0.21419345388275057,40.1246687882429
2017-05-09 05:00:00,-0.4746716312855256,34.13149698130595
2017-05-09 06:00:00,0.09786343770944311,47.30458145309092
2017-05-09 07:00:00,0.3792413405630361,53.77862135651674
2017-05-09 08:00:00,0.36802273499999155,53.52049980774062
2017-05-09 09:00:00,0.5794598833369192,58.38531869194447
2017-05-09 10:00:00,2.638811028791156,105.76758060955319
2017-05-09 11:00:00,2.3741565203314843,99.67831833624322
2017-05-09 12:00:00,2.644861714838885,105.90679688246885
2017-05-09 13:00:00,2.213344522400051,95.97830038529759
2017-05-09 14:00:00,2.4146254242170233,100.60944084425057
2017-05-09 15:00:00,2.373583462659484,99.66513322754113
2017-05-09 16:00:00,2.2765086733601705,97.4316029710184
2017-05-09 17:00:00,2.3518941966930687,99.16609911036792
2017-05-09 18:00:00,2.387902069162168,99.9945806678686
2017-05-09 19:00:00,2.3753018111694235,99.70466958312741
2017-05-09 20:00:00,2.1787158033086356,95.18155086471069
2017-05-09 21:00:00,1.7986055643442995,86.43584329564024
2017-05-09 22:00:00,1.8508654168269205,87.6382560184889
2017-05-09 23:00:00,1.3828149978154856,76.86919043528329
2017-05-10 00:00:00,1.1805971882824176,72.21649328023472
2017-05-10 01:00:00,0.8092482183584873,63.67236801310412
2017-05-10 02:00:00,0.2707656194353749,51.28277452557786
2017-05-10 03:00:00,-0.0416013752615847,44.09572690146661
2017-05-10 04:00:00,-0.12458556320606073,42.18639806413618
2017-05-10 05:00:00,-0.33192571177854596,37.41584436454822
2017-05-10 06:00:00,-0.018739274287859382,44.62174601127944
2017-05-10 07:00:00,0.20359095443260747,49.737196648577815
2017-05-10 08:00:00,0.4672563455461993,55.80370096860592
2017-05-10 09:00:00,0.8163222759487037,63.83513037167505
2017-05-10 10:00:00,1.557631804445392,80.89143585837314
2017-05-10 11:00:00,2.220873801294305,96.15153663274657
2017-05-10 12:00:00,2.3265566794222416,98.58312476802794
2017-05-10 13:00:00,1.915571266756317,89.12703054619574
2017-05-10 14:00:00,2.1978432889551853,95.62164265611338
2017-05-10 15:00:00,2.4796543921612964,102.1056497827644
2017-05-10 16:00:00,2.0659836710389508,92.5877710571614
2017-05-10 17:00:00,2.2170383029482976,96.06328816302046
2017-05-10 18:00:00,2.4122617486295206,100.55505658053599
2017-05-10 19:00:00,2.2982026095957493,97.93074454335641
2017-05-10 20:00:00,2.3057393189043736,98.10415175234377
2017-05-10 21:00:00,1.8212901620681092,86.95777834941568
2017-05-10 22:00:00,1.7559000011430466,85.45325895813795
2017-05-10 23:00:00,1.5103157876732625,79.80277261386343
2017-05-11 00:00:00,1.089808934090951,70.12760579320361
2017-05-11 01:00:00,0.9355939894098068,66.57937512034292
2017-05-11 02:00:00,0.39611693914268126,54.16690095306937
2017-05-11 03:00:00,-0.14290372953526997,41.76492737091476
2017-05-11 04:00:00,-0.5106080123356036,33.30466032304862
2017-05-11 05:00:00,-0.3069832517743057,37.989729092948785
2017-05-11 06:00:00,-0.2271594902229809,39.826341749038264
2017-05-11 07:00:00,0.2972268802942981,51.89160434824081
2017-05-11 08:00:00,0.3087155829081585,52.15594038318321
2017-05-11 09:00:00,0.5389404812880612,57.45303430476658
2017-05-11 10:00:00,1.403745091215042,77.35075724801791
2017-05-11 11:00:00,2.5600108858963497,103.95451972480392
2017-05-11 12:00:00,2.6764665065074276,106.63397083723412
2017-05-11 13:00:00,2.2026139938044924,95.73140867984392
2017-05-11 14:00:00,2.3952931127779946,100.1646363503211
2017-05-11 15:00:00,2.15568365710685,94.65161929560136
2017-05-11 16:00:00,2.1266022727690355,93.98250476762851
2017-05-11 17:00:00,2.224125300172931,96.22634824116602
2017-05-11 18:00:00,2.9433405317603745,112.77430051896621
2017-05-11 19:00:00,3.033356455982518,114.8454179715017
2017-05-11 20:00:00,2.8820200083518337,111.36341675226043
2017-05-11 21:00:00,2.7853397595871914,109.13896422053088
2017-05-11 22:00:00,2.600545773225735,104.88716040266075
2017-05-11 23:00:00,2.4445374390317496,101.29766680491943
2017-05-12 00:00:00,2.2679818936675677,97.2354158809243
2017-05-12 01:00:00,1.8129038196140486,86.76482248777634
2017-05-12 02:00:00,1.3426214649456765,75.94440375864721
2017-05-12 03:00:00,0.7274587670580475,61.79052808883023
2017-05-12 04:00:00,0.5807950230647887,58.416038047612474
2017-05-12 05:00:00,0.34183907706202665,52.91805716889475
2017-05-12 06:00:00,0.5304761858989562,57.25828487509313
2017-05-12 07:00:00,0.7983943392327242,63.4226382160784
2017-05-12 08:00:00,0.9766879560385564,67.52487928767977
2017-05-12 09:00:00,1.5541535771286998,80.81140760379778
2017-05-12 10:00:00,1.70487112862581,84.2791690471924
2017-05-12 11:00:00,2.339325650861086,98.87691766996664
2017-05-12 12:00:00,2.5899011709406516,104.64224571941506
2017-05-12 13:00:00,1.9728117082071748,90.44403837902254
2017-05-12 14:00:00,2.1317853374707036,94.10175850916377
2017-05-12 15:00:00,2.2481556615068015,96.77924708855764
2017-05-12 16:00:00,1.9781759387275744,90.56746044624263
2017-05-12 17:00:00,1.8400844900424287,87.39020473410989
2017-05-12 18:00:00,2.3151385690541004,98.32041294383922
2017-05-12 19:00:00,2.588236270406173,104.60393911329518
2017-05-12 20:00:00,2.358916645822022,99.32767404365
2017-05-12 21:00:00,1.742613540961357,85.14755949659816
2017-05-12 22:00:00,1.726171623296678,84.7692581802174
2017-05-12 23:00:00,1.6519186478191572,83.06082009281116
2017-05-13 00:00:00,1.2572134156143135,73.97930588195747
2017-05-13 01:00:00,0.8947381793822544,65.63935054228362
2017-05-13 02:00:00,0.22000930531172763,50.114955732222626
2017-05-13 03:00:00,0.15288058120669523,48.57043487925368
2017-05-13 04:00:00,-0.25873396718028485,39.099865285611976
2017-05-13 05:00:00,-0.40596703983927707,35.71227593395533
2017-05-13 06:00:00,-0.2879019173336357,38.428759021477994
2017-05-13 07:00:00,-0.34304936278075493,37.15990756308036
2017-05-13 08:00:00,-0.1382993601240164,41.87086629147769
2017-05-13 09:00:00,0.14956441470023019,48.49413537573358
2017-05-13 10:00:00,0.34995603632402494,53.104814969076386
2017-05-13 11:00:00,0.4200125691378762,54.71669985531965
2017-05-13 12:00:00,0.48990014513553104,56.32469732482224
2017-05-13 13:00:00,0.3894627449000527,54.01379895531108
2017-05-13 14:00:00,0.338019452454242,52.8301739276163
2017-05-13 15:00:00,0.4717321427685114,55.906681655870365
2017-05-13 16:00:00,0.3513926783815949,53.13786972537858
2017-05-13 17:00:00,0.40741143197662133,54.426768542365934
2017-05-13 18:00:00,0.5052020283562036,56.676768335244624
2017-05-13 19:00:00,0.7779765309725621,62.95285823664069
2017-05-13 20:00:00,0.9661579411933128,67.28260107179852
2017-05-13 21:00:00,0.8081226082478383,63.646469587186026
2017-05-13 22:00:00,0.6900281304546452,60.92931108307571
2017-05-13 23:00:00,0.7413234022157368,62.109530399768715
2017-05-14 00:00:00,0.351402724253981,53.13810086427766
2017-05-14 01:00:00,0.0386310922500927,45.94174320535237
2017-05-14 02:00:00,-0.2840644448879966,38.517052911969785
2017-05-14 03:00:00,-0.2600812283570456,39.068867035464294
2017-05-14 04:00:00,-0.6690794606639323,29.658494545186855
2017-05-14 05:00:00,-0.8612564309942983,25.23682048400219
2017-05-14 06:00:00,-0.6174645229872003,30.846068845596182
2017-05-14 07:00:00,-0.4550399859568528,34.583188652680235
2017-05-14 08:00:00,-0.3292411160881209,37.47761246875298
2017-05-14 09:00:00,-0.024806177132709828,44.48215661669857
2017-05-14 10:00:00,0.3295048022882073,52.63426591785584
2017-05-14 11:00:00,0.4310856282267343,54.97147262058388
2017-05-14 12:00:00,0.40763253540641564,54.43185576639012
2017-05-14 13:00:00,0.3855122545973389,53.922904710956814
2017-05-14 14:00:00,0.3590288914389618,53.31356635095965
2017-05-14 15:00:00,0.18943347605787947,49.41145649983
2017-05-14 16:00:00,0.3993273297564118,54.24076672834203
2017-05-14 17:00:00,0.47505458141896834,55.983125471044204
2017-05-14 18:00:00,0.8570127791933081,64.77135151421841
2017-05-14 19:00:00,1.0701609570896096,69.67553835706786
2017-05-14 20:00:00,0.8940624216437918,65.62380247500653
2017-05-14 21:00:00,0.7598569499288419,62.53595666220738
2017-05-14 22:00:00,0.84517560221472,64.49899766082017
2017-05-14 23:00:00,0.7130820944275158,61.459744642992334
2017-05-15 00:00:00,0.40389676214105386,54.345901805738535
2017-05-15 01:00:00,0.04786200149207126,46.1541311511413
2017-05-15 02:00:00,-0.1335974427600705,41.97904962900379
2017-05-15 03:00:00,-0.4439735268375329,34.83780956356742
2017-05-15 04:00:00,-0.4963014788716805,33.6338299827334
2017-05-15 05:00:00,-0.4654838447591714,34.34289274477045
2017-05-15 06:00:00,-0.04326271813450655,44.057502151251725
2017-05-15 07:00:00,0.16385250113504782,48.822880599805906
2017-05-15 08:00:00,0.32905818716532487,52.62399004296414
2017-05-15 09:00:00,0.8459729422340099,64.51734313517736
2017-05-15 10:00:00,1.5911021338082911,81.66153274828054
2017-05-15 11:00:00,3.012936875738366,114.37559722164478
2017-05-15 12:00:00,3.0269212479599235,114.69735448427471
2017-05-15 13:00:00,2.359187018696433,99.33389487606077
2017-05-15 14:00:00,2.7347412512223626,107.9747762765395
2017-05-15 15:00:00,2.7974152967851067,109.41680234812289
2017-05-15 16:00:00,2.7615769784235225,108.5922219500477
2017-05-15 17:00:00,2.8013955931448207,109.50838238052386
2017-05-15 18:00:00,3.0488461249000696,115.20180962005011
2017-05-15 19:00:00,3.3802535067208526,122.82694504269203
2017-05-15 20:00:00,2.8360965468599937,110.30679390026518
2017-05-15 21:00:00,2.758601406532238,108.52375896498626
2017-05-15 22:00:00,2.2715056246540115,97.31649109963841
2017-05-15 23:00:00,2.0715811308370315,92.71655934409895
2017-05-16 00:00:00,1.6898124969399486,83.93269485203862
2017-05-16 01:00:00,1.213580114812583,72.97537583754469
2017-05-16 02:00:00,0.7739599217465334,62.86044270527855
2017-05-16 03:00:00,0.2897905255162321,51.72050613092884
2017-05-16 04:00:00,-0.19460754393375007,40.57530816421661
2017-05-16 05:00:00,-0.1514201665864554,41.56897824788403
2017-05-16 06:00:00,0.0257132011053402,45.64452390742209
2017-05-16 07:00:00,0.24554923496740713,50.70258724857375
2017-05-16 08:00:00,0.4685435475927683,55.833317357557384
2017-05-16 09:00:00,0.8777382914433185,65.24821125325529
2017-05-16 10:00:00,1.8040243393203783,86.56052034052203
2017-05-16 11:00:00,2.159847407240635,94.74742029575327
2017-05-16 12:00:00,2.298667895854964,97.941450010197
2017-05-16 13:00:00,2.145571354101934,94.41895193791115
2017-05-16 14:00:00,2.2268256699687066,96.28847928143097
2017-05-16 15:00:00,2.3254074733041987,98.55668343702783
2017-05-16 16:00:00,1.9533387850587343,89.9959986423523
2017-05-16 17:00:00,2.1458366220930873,94.42505531540601
2017-05-16 18:00:00,2.115119878155086,93.7183138693252
2017-05-16 19:00:00,2.031542050300389,91.79532636005194
2017-05-16 20:00:00,2.0732401584140674,92.754730823187
2017-05-16 21:00:00,1.8568360805222004,87.77563110950055
2017-05-16 22:00:00,1.552781389398134,80.77983583489701
2017-05-16 23:00:00,1.644649116464208,82.89356020639559
2017-05-17 00:00:00,1.2194650368941617,73.1107781559155
2017-05-17 01:00:00,0.6610445504967788,60.26244687203283
2017-05-17 02:00:00,0.315198396415477,52.30509919383326
2017-05-17 03:00:00,-0.16775934044979834,41.19304089634532
2017-05-17 04:00:00,-0.39935521318042155,35.864403123723456
2017-05-17 05:00:00,-0.37412592941981226,36.4448871921047
2017-05-17 06:00:00,-0.041453015575448456,44.099140412329994
2017-05-17 07:00:00,0.2565361690605332,50.95537842021106
2017-05-17 08:00:00,0.38811674535183244,53.9828297331483
2017-05-17 09:00:00,0.9180034865056939,66.17464675835137
2017-05-17 10:00:00,1.3167668972247797,75.3495329410976
2017-05-17 11:00:00,2.1464510826507865,94.43919303599205
2017-05-17 12:00:00,2.278417545000297,97.47552294854106
2017-05-17 13:00:00,1.9337399781640423,89.54506252900089
2017-05-17 14:00:00,2.068175235097827,92.63819531942289
2017-05-17 15:00:00,2.110686777111981,93.61631555048808
2017-05-17 16:00:00,2.1096274088592266,93.5919412400991
2017-05-17 17:00:00,1.890089557163649,88.5407385771484
2017-05-17 18:00:00,2.368446562372969,99.54694165280286
2017-05-17 19:00:00,2.5541578331796475,103.81985066777955
2017-05-17 20:00:00,2.1826695954541027,95.27252107900263
2017-05-17 21:00:00,1.8132019421479273,86.77168179392963
2017-05-17 22:00:00,1.8337432003042269,87.24430215118508
2017-05-17 23:00:00,1.5015608326863645,79.60133558784591
2017-05-18 00:00:00,1.2961861435500575,74.87600385732283
2017-05-18 01:00:00,0.7777729947669446,62.948175205373495
2017-05-18 02:00:00,0.4686747299653383,55.83633564686167
2017-05-18 03:00:00,-0.017634114139660206,44.6471739174034
2017-05-18 04:00:00,-0.46151034581870354,34.43431637980335
2017-05-18 05:00:00,-0.2535802341975218,39.21844415283514
2017-05-18 06:00:00,0.0016006089582921157,45.089733065099814
2017-05-18 07:00:00,0.25792755630087927,50.987391938059346
2017-05-18 08:00:00,0.3842103302035104,53.89294958515835
2017-05-18 09:00:00,0.9084077335077548,65.95386436150338
2017-05-18 10:00:00,1.7025498642141625,84.22576059444967
2017-05-18 11:00:00,2.9394619681178726,112.68506118803482
2017-05-18 12:00:00,2.917520829068668,112.18023188804152
2017-05-18 13:00:00,2.4124562820440354,100.55953247247827
2017-05-18 14:00:00,2.727751068068233,107.81394372994242
2017-05-18 15:00:00,2.6519150900830257,106.06908337448297
2017-05-18 16:00:00,2.6235325143258477,105.4160472755197
2017-05-18 17:00:00,2.331141647521621,98.68861729651111
2017-05-18 18:00:00,2.939863869826173,112.69430828125148
2017-05-18 19:00:00,2.7478730671531824,108.27691762978148
2017-05-18 20:00:00,2.538611550435621,103.46215642877198
2017-05-18 21:00:00,2.2298737732807457,96.35861109445457
2017-05-18 22:00:00,1.6048761834287428,81.97845083591363
2017-05-18 23:00:00,1.7614040629058967,85.57989831084558
2017-05-19 00:00:00,0.961515998494787,67.17579765207402
2017-05-19 01:00:00,0.7311167077865944,61.874691251611715
2017-05-19 02:00:00,0.16150073280156574,48.76877030230149
2017-05-19 03:00:00,-0.3962497157457035,35.935855480530634
2017-05-19 04:00:00,-0.6389202232108679,30.35240868964484
2017-05-19 05:00:00,-0.651961689685401,30.05234612787627
2017-05-19 06:00:00,-0.524076240017017,32.99477869214009
2017-05-19 07:00:00,-0.17107683100206003,41.11671092872255
2017-05-19 08:00:00,0.32224039429085427,52.4671239114201
2017-05-19 09:00:00,0.6903596837436623,60.93693957558148
2017-05-19 10:00:00,1.637358171836397,82.72580763600743
2017-05-19 11:00:00,1.9438618178934788,89.77794931094036
2017-05-19 12:00:00,2.2982263160796945,97.93128999032106
2017-05-19 13:00:00,1.8263022495734027,87.0730981886058
2017-05-19 14:00:00,1.8245316613176077,87.0323598829169
2017-05-19 15:00:00,1.89542721270793,88.66354919814589
2017-05-19 16:00:00,1.6464079489486918,82.93402803124079
2017-05-19 17:00:00,1.6921510452549882,83.98650097879596
2017-05-19 18:00:00,1.94810525774544,89.87558383963213
2017-05-19 19:00:00,1.932253712132181,89.51086600717102
2017-05-19 20:00:00,1.731849812569337,84.89990391876896
2017-05-19 21:00:00,1.4456328010766548,78.31452413360844
2017-05-19 22:00:00,1.0329917340467722,68.82033604473892
2017-05-19 23:00:00,1.0157976119707377,68.42472774964638
2017-05-20 00:00:00,0.8329881597673363,64.2185847786255
2017-05-20 01:00:00,0.35367181221242094,53.19030882317686
2017-05-20 02:00:00,-0.11731025628213065,42.35379083683625
2017-05-20 03:00:00,-0.6336567481181077,30.473512541211136
2017-05-20 04:00:00,-0.5422306239489325,32.57707636084334
2017-05-20 05:00:00,-0.9749647954673389,22.62057918898199
2017-05-20 06:00:00,-0.8472597839598514,25.5588601697636
2017-05-20 07:00:00,-0.5878205242109626,31.528128200748625
2017-05-20 08:00:00,-0.4983658683712172,33.586331796626126
2017-05-20 09:00:00,-0.05533368316567706,43.77976922165022
2017-05-20 10:00:00,0.17617516166129993,49.10640462622825
2017-05-20 11:00:00,0.36982285424975686,53.561917572731105
2017-05-20 12:00:00,0.6579542067451417,60.19134317639611
2017-05-20 13:00:00,0.4283224638356083,54.907896780596246
2017-05-20 14:00:00,0.3703616678271066,53.57431478148451
2017-05-20 15:00:00,0.34625897006041306,53.01975159248037
2017-05-20 16:00:00,0.2666784606523521,51.188735765658976
2017-05-20 17:00:00,0.2630137584753044,51.10441703313674
2017-05-20 18:00:00,0.6929997907911161,60.99768406973398
2017-05-20 19:00:00,0.5572460250981903,57.874214574712475
2017-05-20 20:00:00,0.7667195878199599,62.693854603372216
2017-05-20 21:00:00,0.49346983688171053,56.40683002455922
2017-05-20 22:00:00,0.5231636570819473,57.09003568823037
2017-05-20 23:00:00,0.59976162689956,58.85242821476312
2017-05-21 00:00:00,0.20412298735451775,49.7494378456706
2017-05-21 01:00:00,-0.23192741523583763,39.716639684744194
2017-05-21 02:00:00,-0.22753737668593757,39.817647206875094
2017-05-21 03:00:00,-0.7036246477324203,28.863666958213653
2017-05-21 04:00:00,-0.8808299320013145,24.78646661724847
2017-05-21 05:00:00,-0.7518943490748263,27.753061009956998
2017-05-21 06:00:00,-0.8391059461585779,25.746466484105113
2017-05-21 07:00:00,-0.5788798771589768,31.733837693889317
2017-05-21 08:00:00,-0.361209526528534,36.74207224778539
2017-05-21 09:00:00,-0.18748531230502152,40.73917892769238
2017-05-21 10:00:00,0.158141380268185,48.69147715976891
2017-05-21 11:00:00,0.5066644581087685,56.710416423733605
2017-05-21 12:00:00,0.42640457635654144,54.863769363539554
2017-05-21 13:00:00,0.26216501805530773,51.08488892061979
2017-05-21 14:00:00,0.050181107697121634,46.20748994712177
2017-05-21 15:00:00,0.3163525127703597,52.3316535012573
2017-05-21 16:00:00,0.27866169943073676,51.4644502593586
2017-05-21 17:00:00,0.3701102163198959,53.568529298420806
2017-05-21 18:00:00,0.6747657632414916,60.578149270592846
2017-05-21 19:00:00,1.1975225390453212,72.60591759219119
2017-05-21 20:00:00,1.074598930185329,69.77764877377307
2017-05-21 21:00:00,1.092448744332086,70.18834345833389
2017-05-21 22:00:00,0.8527413302898985,64.67307254360391
2017-05-21 23:00:00,0.6500645857947048,60.009816054550264
2017-05-22 00:00:00,0.5265564341834001,57.16809787476129
2017-05-22 01:00:00,0.18067923632671878,49.21003593066335
2017-05-22 02:00:00,0.006558748072997722,45.203811641099584
2017-05-22 03:00:00,-0.2538638467536536,39.21191869725783
2017-05-22 04:00:00,-0.33938351570403663,37.244252637849364
2017-05-22 05:00:00,-0.38267938220027387,36.2480863983992
2017-05-22 06:00:00,-0.03944596326376609,44.14531936462979
2017-05-22 07:00:00,0.300587632472039,51.9689296942739
2017-05-22 08:00:00,0.6880222826565998,60.88315984464139
2017-05-22 09:00:00,1.3473741865551982,76.05375601779005
2017-05-22 10:00:00,2.150752559883743,94.53816290877671
2017-05-22 11:00:00,4.105179918751839,139.50630213129003
2017-05-22 12:00:00,3.8598882250166113,133.86254618202824
2017-05-22 13:00:00,3.452642490965152,124.49249577646769
2017-05-22 14:00:00,3.789026019953943,132.23212411061505
2017-05-22 15:00:00,3.5966030264914277,127.80478946429363
2017-05-22 16:00:00,3.5624198397082885,127.01829090482626
2017-05-22 17:00:00,3.5088162377621095,125.78496073053931
2017-05-22 18:00:00,3.918373844759052,135.20820350674774
2017-05-22 19:00:00,4.3653246404778026,145.49180167492625
2017-05-22 20:00:00,3.8128645747857974,132.7806098078083
2017-05-22 21:00:00,3.4310616322099365,123.99595592982536
2017-05-22 22:00:00,3.043564181081524,115.08028083366666
2017-05-22 23:00:00,2.779284539889135,108.99964363582376
2017-05-23 00:00:00,2.288755917902037,97.71339180044299
2017-05-23 01:00:00,1.7891285276806865,86.21779236518611
2017-05-23 02:00:00,1.413998837932621,77.58667899146684
2017-05-23 03:00:00,0.6845586754031189,60.803467973526345
2017-05-23 04:00:00,0.2539001598883388,50.89472821138687
2017-05-23 05:00:00,0.2547972159979183,50.91536798796538
2017-05-23 06:00:00,0.42963832316210315,54.938172526135006
2017-05-23 07:00:00,0.7396395970871859,62.070788830223705
2017-05-23 08:00:00,1.05924824568039,69.42445492655904
2017-05-23 09:00:00,1.4771638605920268,79.0400016335457
2017-05-23 10:00:00,2.205174799352492,95.79032857772692
2017-05-23 11:00:00,2.896011030216574,111.68532701217578
2017-05-23 12:00:00,3.338641800491293,121.86952854392747
2017-05-23 13:00:00,2.4781006009090323,102.06989961735789
2017-05-23 14:00:00,3.2270889771656828,119.30288268358929
2017-05-23 15:00:00,3.329596163592148,121.66140340814721
2017-05-23 16:00:00,3.13785576872731,117.24977422595276
2017-05-23 17:00:00,2.8601982164372433,110.86133343233172
2017-05-23 18:00:00,3.1449706199568266,117.4134751786562
2017-05-23 19:00:00,3.1236178756091033,116.92218386703271
2017-05-23 20:00:00,2.922596739529513,112.29702018782079
2017-05-23 21:00:00,2.84556520412882,110.524652034712
2017-05-23 22:00:00,2.4578186353875693,101.60324515453684
2017-05-23 23:00:00,2.1882151371261642,95.40011481577775
2017-05-24 00:00:00,2.040097635846834,91.9921762251733
2017-05-24 01:00:00,1.499218907852009,79.54745177296678
2017-05-24 02:00:00,0.7372731076699587,62.01633982494366
2017-05-24 03:00:00,0.5397946096606262,57.472686385155825
2017-05-24 04:00:00,0.03678304652286324,45.89922273142708
2017-05-24 05:00:00,0.008852369585759967,45.256584076484124
2017-05-24 06:00:00,0.414449581968634,54.58870472652427
2017-05-24 07:00:00,0.6472468395522051,59.94498437648789
2017-05-24 08:00:00,0.9296145594886801,66.44179833298142
2017-05-24 09:00:00,1.1725975058063058,72.03243382481958
2017-05-24 10:00:00,2.122825692683066,93.89561190956435
2017-05-24 11:00:00,2.959844866673326,113.15403795293788
2017-05-24 12:00:00,2.984412589947557,113.71930060931803
2017-05-24 13:00:00,2.357211833772156,99.28844913960907
2017-05-24 14:00:00,3.1228209503232636,116.90384793500589
2017-05-24 15:00:00,2.977911096599133,113.56971200643667
2017-05-24 16:00:00,2.7411378366800134,108.12195112246212
2017-05-24 17:00:00,2.537280532788076,103.43153191535076
2017-05-24 18:00:00,2.884389602190072,111.41793718513057
2017-05-24 19:00:00,2.7786120877187157,108.98417162419707
2017-05-24 20:00:00,2.75001935218977,108.32630009667058
2017-05-24 21:00:00,2.1537320955025487,94.606717092649
2017-05-24 22:00:00,2.2568739285899695,96.9798399866237
2017-05-24 23:00:00,2.066901160375139,92.60888096847003
2017-05-25 00:00:00,1.625594909615457,82.45515443886404
2017-05-25 01:00:00,1.057839070178869,69.39203213025822
2017-05-25 02:00:00,0.6176365931322985,59.26370160719917
2017-05-25 03:00:00,0.2608351230364089,51.05429023702594
2017-05-25 04:00:00,-0.007019992179799317,44.89138729880643
2017-05-25 05:00:00,-0.1450270257867819,41.71607383792701
2017-05-25 06:00:00,0.015393878757699209,45.40709337724395
2017-05-25 07:00:00,0.3436336226410873,52.95934669294597
2017-05-25 08:00:00,0.7173122509683865,61.55707354467792
2017-05-25 09:00:00,1.2298220141719134,73.34907506372181
2017-05-25 10:00:00,2.1017817724113437,93.4114261288688
2017-05-25 11:00:00,3.731016584208355,130.89742299164493
2017-05-25 12:00:00,3.063483683288884,115.5385956154565
2017-05-25 13:00:00,2.5633171330475077,104.03059100037356
2017-05-25 14:00:00,2.698847519158267,107.1489209008715
2017-05-25 15:00:00,2.864923593189747,110.97005653156651
2017-05-25 16:00:00,2.6753034311522472,106.60721039803911
2017-05-25 17:00:00,2.7061150749979563,107.31613533395016
2017-05-25 18:00:00,2.913645649234628,112.0910704129431
2017-05-25 19:00:00,3.1724088656518936,118.04478380562502
2017-05-25 20:00:00,2.786043679256796,109.15516024723948
2017-05-25 21:00:00,2.843520086791546,110.47759726916566
2017-05-25 22:00:00,2.656734342924824,106.17996640718059
2017-05-25 23:00:00,2.302429660489382,98.02800198923848
2017-05-26 00:00:00,1.9930531922531571,90.90976143008399
2017-05-26 01:00:00,1.3699734714152048,76.57372816375027
2017-05-26 02:00:00,0.9050661742057102,65.87698061177852
2017-05-26 03:00:00,0.6028992217863252,58.924619080825096
2017-05-26 04:00:00,0.3391913977535887,52.857138449548046
2017-05-26 05:00:00,0.11387940197474933,47.67308228664566
2017-05-26 06:00:00,0.3633979230861907,53.41409053902358
2017-05-26 07:00:00,0.7434866062759891,62.159302145393724
2017-05-26 08:00:00,0.9473046605093419,66.84881828281377
2017-05-26 09:00:00,1.2323969385608224,73.40831981276942
2017-05-26 10:00:00,2.075751317636034,92.81250844126572
2017-05-26 11:00:00,2.4386235568103296,101.16159816165586
2017-05-26 12:00:00,2.584096793636877,104.50869660309112
2017-05-26 13:00:00,1.9023475801965761,88.82277540181539
2017-05-26 14:00:00,2.2259417902202343,96.26814267111648
2017-05-26 15:00:00,2.1683658205769674,94.94341488983476
2017-05-26 16:00:00,1.9920389173852733,90.88642464385762
2017-05-26 17:00:00,1.8215286526632752,86.96326562334173
2017-05-26 18:00:00,2.1296988433434065,94.05375173215182
2017-05-26 19:00:00,2.043022225886191,92.05946620218977
2017-05-26 20:00:00,1.9971986232625774,91.00514093749987
2017-05-26 21:00:00,1.8225578162622895,86.98694497463265
2017-05-26 22:00:00,1.434805123143788,78.06539718267194
2017-05-26 23:00:00,1.4868362142446316,79.26254648469413
2017-05-27 00:00:00,1.0598694552099175,69.43874792981823
2017-05-27 01:00:00,0.849288136439707,64.59362026766583
2017-05-27 02:00:00,0.157294741001956,48.67199739132303
2017-05-27 03:00:00,-0.05568890572302365,43.771596138449524
2017-05-27 04:00:00,-0.4470984481066239,34.765910296475056
2017-05-27 05:00:00,-0.6257601173882342,30.65520094648161
2017-05-27 06:00:00,-0.5462904241906816,32.48366707568459
2017-05-27 07:00:00,-0.1607057680694982,41.35533192413625
2017-05-27 08:00:00,0.10270083644028527,47.41588199266651
2017-05-27 09:00:00,0.41760471285230416,54.66129906685539
2017-05-27 10:00:00,0.6057938418745532,58.99121949886218
2017-05-27 11:00:00,1.5910338119935392,81.65996077638619
2017-05-27 12:00:00,1.371012497093188,76.5976344251579
2017-05-27 13:00:00,1.065016148657531,69.55716482898706
2017-05-27 14:00:00,0.8349949177997288,64.26475696004583
2017-05-27 15:00:00,0.8501431998508152,64.61329386174458
2017-05-27 16:00:00,0.8529769238727268,64.67849316207023
2017-05-27 17:00:00,0.9819694702131688,67.64639818866732
2017-05-27 18:00:00,1.0182776159814857,68.4817885378725
2017-05-27 19:00:00,1.1383217170017983,71.24380464608396
2017-05-27 20:00:00,1.3015150272898783,74.9986126536158
2017-05-27 21:00:00,1.03156948777443,68.78761251163179
2017-05-27 22:00:00,0.97940002449074,67.58727949466899
2017-05-27 23:00:00,0.7910765018956837,63.25426688895456
2017-05-28 00:00:00,0.6865310452341571,60.848848939341195
2017-05-28 01:00:00,0.19183522411223275,49.46671674800219
2017-05-28 02:00:00,-0.3530242745897225,36.93040134944563
2017-05-28 03:00:00,-0.5123114180790598,33.265467775790924
2017-05-28 04:00:00,-0.5381923657881433,32.66998999836835
2017-05-28 05:00:00,-0.778754954990826,27.13504291839115
2017-05-28 06:00:00,-0.5787992221342737,31.7356934325349
2017-05-28 07:00:00,-0.5927953762041742,31.41366508907192
2017-05-28 08:00:00,-0.25641095936074315,39.15331385128526
2017-05-28 09:00:00,0.042007863005360184,46.019437112345834
2017-05-28 10:00:00,0.1694023976435031,48.9505745341598
2017-05-28 11:00:00,0.6907785640989164,60.946577319367236
2017-05-28 12:00:00,0.9172298207062507,66.15684598861532
2017-05-28 13:00:00,0.6322340798275646,59.599565619250086
2017-05-28 14:00:00,0.4850447805744501,56.2129834212238
2017-05-28 15:00:00,0.4656291275772821,55.76626137596021
2017-05-28 16:00:00,0.6133897385954394,59.16598851225875
2017-05-28 17:00:00,0.6670365179010487,60.40031212613367
2017-05-28 18:00:00,0.8426312003834188,64.44045518531254
2017-05-28 19:00:00,0.87026155062237,65.07618381992987
2017-05-28 20:00:00,0.8799769053102118,65.29971805373837
2017-05-28 21:00:00,1.011971840671248,68.33670308316371
2017-05-28 22:00:00,0.844307245732278,64.4790182151682
2017-05-28 23:00:00,1.0006455916001586,68.0761048354025
2017-05-29 00:00:00,0.4352687532818132,55.06771940561196
2017-05-29 01:00:00,0.13960726134079351,48.26503775463479
2017-05-29 02:00:00,-0.200888808696469,40.43078665664469
2017-05-29 03:00:00,-0.41739851905739395,35.44925651465225
2017-05-29 04:00:00,-0.5544509712397826,32.29590639265345
2017-05-29 05:00:00,-0.43309467722436873,35.08811389018556
2017-05-29 06:00:00,-0.31354630524068533,37.838724093626695
2017-05-29 07:00:00,0.10957056231397047,47.573943016580586
2017-05-29 08:00:00,0.3569661708694788,53.26610656417106
2017-05-29 09:00:00,1.0816685638318808,69.9403093447213
2017-05-29 10:00:00,2.427075742981901,100.8959020754871
2017-05-29 11:00:00,3.5600478542057132,126.96371544371762
2017-05-29 12:00:00,3.563116308769331,127.03431550536156
2017-05-29 13:00:00,2.688180658254329,106.90349408364088
2017-05-29 14:00:00,3.196039847280352,118.58849358691288
2017-05-29 15:00:00,2.874065232046111,111.1803905135125
2017-05-29 16:00:00,2.6804328951042646,106.7252308750267
2017-05-29 17:00:00,2.5729777930045437,104.25286679893838
2017-05-29 18:00:00,2.633889997283792,105.65435581819042
2017-05-29 19:00:00,2.369912870770509,99.58067898249409
2017-05-29 20:00:00,1.8204914473794118,86.9394012461903
2017-05-29 21:00:00,1.3408146084431536,75.90283098061998
2017-05-29 22:00:00,1.4758301271426013,79.0093146340175
2017-05-29 23:00:00,1.0233536294310135,68.59857920725094
2017-05-30 00:00:00,0.5080888116412272,56.74318844140879
2017-05-30 01:00:00,0.012977605749863064,45.3514989339289
2017-05-30 02:00:00,-0.42659419455033887,35.23767923912163
2017-05-30 03:00:00,-0.5902548648581027,31.472118050952616
2017-05-30 04:00:00,-0.8212264172710424,26.15784485567748
2017-05-30 05:00:00,-0.6856947111626469,29.276205127136624
2017-05-30 06:00:00,-0.5401874226930301,32.62408704052818
2017-05-30 07:00:00,-0.045143457046682656,44.014229461243474
2017-05-30 08:00:00,0.2703586575286564,51.27341100556953
2017-05-30 09:00:00,1.1041570436292845,70.45773204955796
2017-05-30 10:00:00,1.8500043532086905,87.61844436957378
2017-05-30 11:00:00,2.594389098915759,104.74550551522661
2017-05-30 12:00:00,2.985897936431845,113.75347597387996
2017-05-30 13:00:00,2.3738228535207098,99.67064121509941
2017-05-30 14:00:00,3.0616641124171813,115.49673030083497
2017-05-30 15:00:00,3.046719704641807,115.15288420883682
2017-05-30 16:00:00,2.6266639411873487,105.48809622552758
2017-05-30 17:00:00,2.586637043005044,104.56714353729379
2017-05-30 18:00:00,2.8456160431375577,110.52582175617157
2017-05-30 19:00:00,2.799655942152118,109.46835589006183
2017-05-30 20:00:00,2.492639244772067,102.40440975321586
2017-05-30 21:00:00,2.180347018514043,95.21908242715318
2017-05-30 22:00:00,0.08925444207685843,47.106502710273745
2017-05-30 23:00:00,0.8732528767570047,65.14500928405973
2017-05-31 00:00:00,1.3070663890450043,75.1263403008708
2017-05-31 01:00:00,0.6344122545566903,59.6496818151915
2017-05-31 02:00:00,0.17348527232403899,49.044514723970046
2017-05-31 03:00:00,-0.12226047171369328,42.239894571673005
2017-05-31 04:00:00,-0.5687516622222906,31.96687115879753
2017-05-31 05:00:00,-0.4822273780910894,33.95765175101843
2017-05-31 06:00:00,-0.13501718071378038,41.94638380815748
2017-05-31 07:00:00,0.1612680834615876,48.763417425990845
2017-05-31 08:00:00,0.6239177367857954,59.408220328248305
2017-05-31 09:00:00,0.8631507177268929,64.9125753224429
2017-05-31 10:00:00,1.6147495911601908,82.20562160869974
2017-05-31 11:00:00,2.3093814830564723,98.18795192220921
2017-05-31 12:00:00,2.5608284677461377,103.97333093018347
2017-05-31 13:00:00,2.163798766153763,94.83833452539574
2017-05-31 14:00:00,2.2872863839649424,97.67958025642442
2017-05-31 15:00:00,2.409020895062827,100.48048990312759
2017-05-31 16:00:00,2.1396708879050714,94.28319197517101
2017-05-31 17:00:00,2.137205773907612,94.22647378150975
2017-05-31 18:00:00,2.2259261675789497,96.26778321999382
2017-05-31 19:00:00,2.274017436363624,97.3742837303781
2017-05-31 20:00:00,2.2362384118750236,96.50505089591859
2017-05-31 21:00:00,1.8095397843348315,86.68742160301136
2017-05-31 22:00:00,1.640685314292952,82.80235967797546
2017-05-31 23:00:00,1.5532859532649324,80.79144501448913
2017-06-01 00:00:00,1.4235007098524612,77.80530134006789
2017-06-01 01:00:00,1.0431100844333918,69.05314254267455
2017-06-01 02:00:00,0.632679214756006,59.60980743731722
2017-06-01 03:00:00,0.053919252727532826,46.293498478162206
2017-06-01 04:00:00,-0.2246347566795849,39.88443168978947
2017-06-01 05:00:00,-0.16124600657038712,41.342901930250264
2017-06-01 06:00:00,-0.01591724456996907,44.68667624502201
2017-06-01 07:00:00,0.2542646348125942,50.90311417623875
2017-06-01 08:00:00,0.4719083961835318,55.910736955275134
2017-06-01 09:00:00,0.9835295379524893,67.68229276565428
2017-06-01 10:00:00,1.7016842610347993,84.2058444977452
2017-06-01 11:00:00,2.7929074024429394,109.31308315924683
2017-06-01 12:00:00,2.7923385195671715,109.29999410569732
2017-06-01 13:00:00,2.0145372058720326,91.40407303040435
2017-06-01 14:00:00,2.5142330433324567,102.90124732336167
2017-06-01 15:00:00,2.555141490485699,103.84248299457597
2017-06-01 16:00:00,3.014003171776883,114.40013092891964
2017-06-01 17:00:00,3.242224825414658,119.65113350407768
2017-06-01 18:00:00,2.829078435024418,110.14531876092609
2017-06-01 19:00:00,2.9681139978476283,113.34429697699832
2017-06-01 20:00:00,2.6928042687899736,107.00987571063465
2017-06-01 21:00:00,2.344154821651886,98.98802889825797
2017-06-01 22:00:00,1.9647448106037906,90.25843241476056
2017-06-01 23:00:00,1.739575113615885,85.07765031155287
2017-06-02 00:00:00,1.4232142362733802,77.7987100570871
2017-06-02 01:00:00,0.9441243329696765,66.77564420912515
2017-06-02 02:00:00,0.30721605017689996,52.12143861655474
2017-06-02 03:00:00,-0.011426937360588169,44.789990783076895
2017-06-02 04:00:00,-0.45427045151367246,34.60089436674551
2017-06-02 05:00:00,-0.36963685031135907,36.548173473589586
2017-06-02 06:00:00,-0.10403920141137407,42.659135847665105
2017-06-02 07:00:00,0.34278600732083464,52.93984446711224
2017-06-02 08:00:00,0.622300275342848,59.371005217119475
2017-06-02 09:00:00,1.0825104372162693,69.95967945811289
2017-06-02 10:00:00,1.5839837013299272,81.49774939696758
2017-06-02 11:00:00,2.1216096585730373,93.86763297705966
2017-06-02 12:00:00,2.2150222490903837,96.01690210003818
2017-06-02 13:00:00,1.826687654451391,87.08196571705693
2017-06-02 14:00:00,2.356651695378946,99.27556128213232
2017-06-02 15:00:00,1.9326782965060127,89.52063499098489
2017-06-02 16:00:00,1.8987330651211074,88.73961139144784
2017-06-02 17:00:00,1.6875812875252194,83.88135841574649
2017-06-02 18:00:00,2.038435155639648,91.95392530677913
2017-06-02 19:00:00,2.307479282470626,98.14418543460589
2017-06-02 20:00:00,2.327014998162371,98.59366992378466
2017-06-02 21:00:00,1.829521727415042,87.14717304595455
2017-06-02 22:00:00,1.6801466476069176,83.71029965451984
2017-06-02 23:00:00,1.658179595438397,83.20487413653368
2017-06-03 00:00:00,1.1958984043719003,72.56854894107242
2017-06-03 01:00:00,0.8549379117063544,64.72361224696029
2017-06-03 02:00:00,0.42238965452558297,54.77139265634558
2017-06-03 03:00:00,-0.14685333569931236,41.6740534691282
2017-06-03 04:00:00,-0.37297841333869397,36.47128963815196
2017-06-03 05:00:00,-0.3798511418056816,36.31315952953487
2017-06-03 06:00:00,-0.1160468998094403,42.38285857859387
2017-06-03 07:00:00,-0.15233807315515724,41.54785873674572
2017-06-03 08:00:00,0.20065994260122821,49.66975891675409
2017-06-03 09:00:00,0.32846053760719374,52.61023911565831
2017-06-03 10:00:00,0.6672224831478771,60.40459087871661
2017-06-03 11:00:00,0.7701311577660978,62.77234918215979
2017-06-03 12:00:00,0.633779118519594,59.63511440272986
2017-06-03 13:00:00,0.39805209457783036,54.21142567721947
2017-06-03 14:00:00,0.47376253276039926,55.95339756957109
2017-06-03 15:00:00,0.3506518534779086,53.12082457030678
2017-06-03 16:00:00,0.0683860338873871,46.62635517214275
2017-06-03 17:00:00,0.09580463862577365,47.257211893201394
2017-06-03 18:00:00,0.5656359798482916,58.06725354930585
2017-06-03 19:00:00,0.43308877640621835,55.0175617452626
2017-06-03 20:00:00,0.6517800074526969,60.04928506811677
2017-06-03 21:00:00,0.5268335138065755,57.17447301836237
2017-06-03 22:00:00,0.4931914688979009,56.400425237912
2017-06-03 23:00:00,0.5541716609699666,57.803478543766445
2017-06-04 00:00:00,-0.0385704964656587,44.16546240687864
2017-06-04 01:00:00,-0.3785122265427038,36.34396575401773
2017-06-04 02:00:00,-0.457856936250743,34.518375288078175
2017-06-04 03:00:00,-0.573232302303347,31.86377904536764
2017-06-04 04:00:00,-0.9035270429752369,24.264243654295637
2017-06-04 05:00:00,-0.8420235407484946,25.679337460803776
2017-06-04 06:00:00,-0.7834585549597598,27.026820866908757
2017-06-04 07:00:00,-0.5078278685462803,33.368626830890236
2017-06-04 08:00:00,-0.5415856489113025,32.591916169115365
2017-06-04 09:00:00,-0.015534624973575056,44.6954796887529
2017-06-04 10:00:00,0.24944726883033203,50.79227455705658
2017-06-04 11:00:00,0.46835309848408246,55.82893543873327
2017-06-04 12:00:00,0.6373128792230704,59.716420388635115
2017-06-04 13:00:00,0.3206986382159959,52.43165065552916
2017-06-04 14:00:00,0.35045758952916584,53.11635487832598
2017-06-04 15:00:00,0.07604031212228193,46.80246744756339
2017-06-04 16:00:00,0.10373039739116893,47.43957048636638
2017-06-04 17:00:00,0.17245842462936328,49.02088865780546
2017-06-04 18:00:00,0.41571728829823495,54.617872551291
2017-06-04 19:00:00,0.4008728111215687,54.27632569699791
2017-06-04 20:00:00,0.34410695055718565,52.97023718500362
2017-06-04 21:00:00,0.5492316727144658,57.68981758899983
2017-06-04 22:00:00,0.6296221086621863,59.53946848518318
2017-06-04 23:00:00,0.4066494312780079,54.40923616729585
2017-06-05 00:00:00,0.31916949967141295,52.396467708129606
2017-06-05 01:00:00,-0.10926021066582964,42.53900906476315
2017-06-05 02:00:00,-0.4454676799453741,34.80343157317127
2017-06-05 03:00:00,-0.42703647836818753,35.22750302039105
2017-06-05 04:00:00,-0.7091468254485224,28.736610787401066
2017-06-05 05:00:00,-0.6016397704502991,31.2101702137091
2017-06-05 06:00:00,-0.18972185304786376,40.68771982636297
2017-06-05 07:00:00,0.09081807680028334,47.14247935766209
2017-06-05 08:00:00,0.4569601088225379,55.56680160043206
2017-06-05 09:00:00,0.8582445873993659,64.7996933825688
2017-06-05 10:00:00,1.6710146510187514,83.50018752520847
2017-06-05 11:00:00,2.3604775560947244,99.36358800593581
2017-06-05 12:00:00,2.4974085296586743,102.51414310595453
2017-06-05 13:00:00,1.8864228035778736,88.45637264510614
2017-06-05 14:00:00,2.107206468090612,93.53623939933304
2017-06-05 15:00:00,2.13103126168146,94.08440847314367
2017-06-05 16:00:00,1.6547240757249013,83.12536834632994
2017-06-05 17:00:00,1.4536380065905383,78.49871066498284
2017-06-05 18:00:00,1.7423273355472464,85.14097438364956
2017-06-05 19:00:00,1.9183183591150508,89.190236595315
2017-06-05 20:00:00,1.6396971785329,82.7796243093637
2017-06-05 21:00:00,1.5174321128355792,79.96650747932145
2017-06-05 22:00:00,1.5855644537436298,81.53411989408183
2017-06-05 23:00:00,1.399429288368921,77.25145776658121
2017-06-06 00:00:00,1.127301237867796,70.99024165856846
2017-06-06 01:00:00,1.0319779186437876,68.79700983003951
2017-06-06 02:00:00,0.41326290935186677,54.561401353390345
2017-06-06 03:00:00,0.1305291510861163,48.05616546068262
2017-06-06 04:00:00,0.005411738640681896,45.177420852202836
2017-06-06 05:00:00,-0.007550228894011302,44.87918742948031
2017-06-06 06:00:00,0.048854531831161174,46.1769676317443
2017-06-06 07:00:00,0.3937267730251877,54.11190718609784
2017-06-06 08:00:00,0.8170003686649739,63.850732162927436
2017-06-06 09:00:00,0.9660004048723007,67.2789764217527
2017-06-06 10:00:00,2.2845545069086928,97.6167242862361
2017-06-06 11:00:00,2.958254931391072,113.11745617321465
2017-06-06 12:00:00,2.8089258893382305,109.68164203434293
2017-06-06 13:00:00,2.4889481433253193,102.31948361718494
2017-06-06 14:00:00,2.953110752675845,112.9990971338765
2017-06-06 15:00:00,3.0291390473757267,114.74838237868323
2017-06-06 16:00:00,3.562903784530981,127.02942567433514
2017-06-06 17:00:00,3.920653835388003,135.260662318053
2017-06-06 18:00:00,4.276193537248384,143.44104248917785
2017-06-06 19:00:00,4.221606893286827,142.18509414491467
2017-06-06 20:00:00,3.9084116920600347,134.97899085911843
2017-06-06 21:00:00,3.490146900727884,125.35541018053408
2017-06-06 22:00:00,3.1582729151306697,117.71953897716074
2017-06-06 23:00:00,2.8646693496147453,110.96420680764342
2017-06-07 00:00:00,2.5828183659404407,104.47928209741589
2017-06-07 01:00:00,2.345951496926701,99.02936742308415
2017-06-07 02:00:00,1.633575399138334,82.63877229618691
2017-06-07 03:00:00,1.236990898294077,73.51401922386815
2017-06-07 04:00:00,0.7353374033909087,61.971802472803674
2017-06-07 05:00:00,0.6182373670014066,59.277524419730284
2017-06-07 06:00:00,0.8507028266343843,64.62616994793014
2017-06-07 07:00:00,1.0470478057231205,69.14374299317097
2017-06-07 08:00:00,1.3387781102573342,75.8559745274851
2017-06-07 09:00:00,1.7740798698138593,85.87154765110301
2017-06-07 10:00:00,2.4860493211189567,102.25278651536351
2017-06-07 11:00:00,3.302232648446695,121.03181420745638
2017-06-07 12:00:00,3.1698868043958344,117.98675534978317
2017-06-07 13:00:00,2.553498038965176,103.80466989477208
2017-06-07 14:00:00,2.9733477947974514,113.46471798360882
2017-06-07 15:00:00,3.131020135456244,117.09249761640645
2017-06-07 16:00:00,2.8131377925930567,109.77855095812328
2017-06-07 17:00:00,2.7148010388533974,107.51598498820357
2017-06-07 18:00:00,2.7912487467585154,109.27492023679235
2017-06-07 19:00:00,2.824501230610099,110.04000486198835
2017-06-07 20:00:00,2.6382230563016718,105.75405233558274
2017-06-07 21:00:00,2.365036216203338,99.46847523108752
2017-06-07 22:00:00,2.2703082107804433,97.28894058796078
2017-06-07 23:00:00,2.0496178548493593,92.21122070978505
2017-06-08 00:00:00,1.8738444627407915,88.1669658378469
2017-06-08 01:00:00,1.0366891368407036,68.90540716434067
2017-06-08 02:00:00,0.5751288552573137,58.28566890308094
2017-06-08 03:00:00,0.10299815930958611,47.422722899861185
2017-06-08 04:00:00,0.024847418798494447,45.624603689290694
2017-06-08 05:00:00,-0.17569967906077735,41.01034684506107
2017-06-08 06:00:00,0.20157044203862415,49.690708002058834
2017-06-08 07:00:00,0.28510108164111064,51.612609787738705
2017-06-08 08:00:00,0.5933960267054018,58.705966288477185
2017-06-08 09:00:00,1.1679022206853182,71.92440308422852
2017-06-08 10:00:00,2.628817603534276,105.53764843211917
2017-06-08 11:00:00,3.100070740296976,116.38040325072966
2017-06-08 12:00:00,3.0450603495248076,115.11470519359625
2017-06-08 13:00:00,2.457091808879954,101.58652207939323
2017-06-08 14:00:00,2.9878821378221585,113.79912916429416
2017-06-08 15:00:00,2.855208602335484,110.74653066896656
2017-06-08 16:00:00,2.5239780227922664,103.12546317414828
2017-06-08 17:00:00,2.5073154089899843,102.74208400486263
2017-06-08 18:00:00,2.649482510899066,106.01311375303978
2017-06-08 19:00:00,2.756042562948711,108.464884208659
2017-06-08 20:00:00,2.626958440277282,105.49487216223196
2017-06-08 21:00:00,2.0452407268921196,92.11051023902604
2017-06-08 22:00:00,1.7428011130252092,85.15187521938176
2017-06-08 23:00:00,1.7584941070237368,85.51294504156874
2017-06-09 00:00:00,1.6116812707070238,82.13502463271533
2017-06-09 01:00:00,1.1675907503990126,71.91723666838055
2017-06-09 02:00:00,0.5950750398750799,58.74459760297856
2017-06-09 03:00:00,0.14740040659504786,48.44434513036531
2017-06-09 04:00:00,-0.04536608781753382,44.009107095629105
2017-06-09 05:00:00,-0.2478496760107523,39.35029481343713
2017-06-09 06:00:00,0.0602125296794973,46.43829636633016
2017-06-09 07:00:00,0.35653007970101136,53.25607282805477
2017-06-09 08:00:00,0.42211747115076503,54.76513016731659
2017-06-09 09:00:00,0.9565578154651291,67.06171806566388
2017-06-09 10:00:00,1.7113180588734593,84.42750224341927
2017-06-09 11:00:00,2.350040441312717,99.12344726677297
2017-06-09 12:00:00,2.4416471712808514,101.2311665269618
2017-06-09 13:00:00,2.1142123732239937,93.69743368265503
2017-06-09 14:00:00,2.4001086092823014,100.27543295590925
2017-06-09 15:00:00,2.385077248574748,99.92958622083665
2017-06-09 16:00:00,2.0194641978438748,91.51743496219102
2017-06-09 17:00:00,1.8639357617518473,87.93898302561124
2017-06-09 18:00:00,2.2217595632643437,96.17191654986449
2017-06-09 19:00:00,2.3085461885440726,98.16873317777495
2017-06-09 20:00:00,2.0323305831249607,91.81346919543336
2017-06-09 21:00:00,1.568116281798367,81.13266633191549
2017-06-09 22:00:00,1.489030014722558,79.31302220325699
2017-06-09 23:00:00,1.2788669032469626,74.47751679887887
2017-06-10 00:00:00,0.8110438889938617,63.7136834228393
2017-06-10 01:00:00,0.5683758439455846,58.13029328809113
2017-06-10 02:00:00,-0.014487411107515849,44.719574346817836
2017-06-10 03:00:00,-0.4591975266681281,34.487530521064556
2017-06-10 04:00:00,-0.635002583744233,30.44254709062449
2017-06-10 05:00:00,-0.807217764824225,26.480160766110252
2017-06-10 06:00:00,-0.7672339272724802,27.400122700494208
2017-06-10 07:00:00,-0.6023334505510658,31.1942097825344
2017-06-10 08:00:00,-0.2657234115007084,38.9390497383558
2017-06-10 09:00:00,-0.3227880701493504,37.62608637691193
2017-06-10 10:00:00,0.18553711916539778,49.321807775661924
2017-06-10 11:00:00,0.3945942428605732,54.131866231468315
2017-06-10 12:00:00,0.4395496516789692,55.16621579343997
2017-06-10 13:00:00,0.4108337071435627,54.50550943056855
2017-06-10 14:00:00,0.39090236966095926,54.04692233868109
2017-06-10 15:00:00,0.1524461129919617,48.560438484617045
2017-06-10 16:00:00,0.26044118101928343,51.04522628313105
2017-06-10 17:00:00,0.45919397045455934,55.61819905985503
2017-06-10 18:00:00,0.48085340057097437,56.116546703493896
2017-06-10 19:00:00,0.538848135684627,57.45090958525067
2017-06-10 20:00:00,0.8522620505768085,64.66204511054687
2017-06-10 21:00:00,0.6400119917426923,59.77852250105636
2017-06-10 22:00:00,0.6869792831679821,60.85916215242717
2017-06-10 23:00:00,0.5570159047553417,57.86891988644064
2017-06-11 00:00:00,0.38765242967353186,53.97214659776837
2017-06-11 01:00:00,-0.03458091916294087,44.25725597841946
2017-06-11 02:00:00,-0.41225609107649414,35.56757527249074
2017-06-11 03:00:00,-0.5349903285294545,32.74366357676514
2017-06-11 04:00:00,-0.8834557910302819,24.726049946422858
2017-06-11 05:00:00,-0.7593678836656985,27.58110734667977
2017-06-11 06:00:00,-0.7238260524635173,28.398866065862034
2017-06-11 07:00:00,-0.6029269013934825,31.180555460728876
2017-06-11 08:00:00,-0.3033833067841774,38.072557869764125
2017-06-11 09:00:00,-0.04304497383312572,44.06251208729
2017-06-11 10:00:00,0.21846345207874554,50.07938820750348
2017-06-11 11:00:00,0.4354112938316726,55.070999027779465
2017-06-11 12:00:00,0.5627601990187642,58.001086591435126
2017-06-11 13:00:00,0.3412728470306467,52.905029152904525
2017-06-11 14:00:00,0.2040562823064335,49.74790307290174
2017-06-11 15:00:00,0.19859467331540662,49.62224048822033
2017-06-11 16:00:00,0.3746383650374504,53.672714506956346
2017-06-11 17:00:00,0.2522516175412564,50.85679798008846
2017-06-11 18:00:00,0.9213085615780697,66.25069106632786
2017-06-11 19:00:00,1.3479315222665902,76.06657939019621
2017-06-11 20:00:00,1.404890864478075,77.37711959470514
2017-06-11 21:00:00,1.2967252551506312,74.88840792309742
2017-06-11 22:00:00,1.2667883479647746,74.19960923016227
2017-06-11 23:00:00,1.3534580078245828,76.19373467732183
2017-06-12 00:00:00,0.8990863084162968,65.73939379580905
2017-06-12 01:00:00,0.33445667299353316,52.74820026812913
2017-06-12 02:00:00,-0.034000246969605075,44.27061628465652
2017-06-12 03:00:00,0.019469438240925147,45.50086525646973
2017-06-12 04:00:00,-0.32193917083949364,37.64561814522162
2017-06-12 05:00:00,-0.35819140124530113,36.811514315975636
2017-06-12 06:00:00,-0.08886875386436813,43.008182740744154
2017-06-12 07:00:00,0.31561191451025083,52.31461356087916
2017-06-12 08:00:00,0.5521608299970164,57.75721265072403
2017-06-12 09:00:00,1.1461802628161142,71.42461678047269
2017-06-12 10:00:00,2.0132897489663018,91.3753711113709
2017-06-12 11:00:00,3.2044367112270518,118.78169153068622
2017-06-12 12:00:00,3.460866809377584,124.68172373303635
2017-06-12 13:00:00,2.817226817746519,109.87263266013738
2017-06-12 14:00:00,3.307998143641432,121.16446871079582
2017-06-12 15:00:00,3.4936484662184086,125.4359754078679
2017-06-12 16:00:00,3.375676872095871,122.72164425366401
2017-06-12 17:00:00,3.2591784663736023,120.04120872662871
2017-06-12 18:00:00,3.443398500993387,124.27980686473315
2017-06-12 19:00:00,3.751003327961533,131.35728489012865
2017-06-12 20:00:00,3.219691794898541,119.13268576092864
2017-06-12 21:00:00,3.152071445477691,117.57685342301416
2017-06-12 22:00:00,2.672512521919701,106.54299619516426
2017-06-12 23:00:00,2.5205504912500354,103.04660134544882
2017-06-13 00:00:00,2.0488981896318554,92.19466240407598
2017-06-13 01:00:00,1.740730456398451,85.10423283704834
2017-06-13 02:00:00,1.0375137807761052,68.92438085662342
2017-06-13 03:00:00,0.5519012368865021,57.75123984284153
2017-06-13 04:00:00,0.2416073463693143,50.61189091520819
2017-06-13 05:00:00,-0.026188932856790692,44.45034169575558
2017-06-13 06:00:00,0.40834271978807524,54.44819593375588
2017-06-13 07:00:00,0.5936962683489733,58.71287435183766
2017-06-13 08:00:00,0.919482193315087,66.20866935498171
2017-06-13 09:00:00,1.2109887209059427,72.91575215214884
2017-06-13 10:00:00,2.1990322836540357,95.64899945651331
2017-06-13 11:00:00,3.143694365284252,117.38411067066397
2017-06-13 12:00:00,3.2253729917160197,119.26340069810944
2017-06-13 13:00:00,2.5716945931832695,104.22334249456785
2017-06-13 14:00:00,3.1797749405188163,118.21426499848505
2017-06-13 15:00:00,2.7349585722283116,107.97977647325041
2017-06-13 16:00:00,2.742383793529303,108.15061852767924
2017-06-13 17:00:00,2.5816390637732414,104.45214830612946
2017-06-13 18:00:00,3.0886238334068623,116.11702886622457
2017-06-13 19:00:00,2.7598982855822007,108.5535980057717
2017-06-13 20:00:00,2.4850087171068265,102.22884393909908
2017-06-13 21:00:00,1.8849574482089104,88.42265724302533
2017-06-13 22:00:00,1.75138879127387,85.34946348447215
2017-06-13 23:00:00,1.4789268032606495,79.08056402692615
2017-06-14 00:00:00,1.2378542901162035,73.53388444090209
2017-06-14 01:00:00,0.7974847946492625,63.401711100382535
2017-06-14 02:00:00,0.055678891091626215,46.33398484496361
2017-06-14 03:00:00,-0.1699088121773316,41.14358510897109
2017-06-14 04:00:00,-0.5772035648434087,31.772406866207156
2017-06-14 05:00:00,-0.29055802575711387,38.367646362143226
2017-06-14 06:00:00,-0.22272817221558855,39.92829904317431
2017-06-14 07:00:00,0.19139006927518182,49.4564744718709
2017-06-14 08:00:00,0.3389955964582142,52.852633385765344
2017-06-14 09:00:00,0.8255481416039576,64.04740227287988
2017-06-14 10:00:00,1.7858616131906484,86.14262606905876
2017-06-14 11:00:00,2.439069336195349,101.17185480760237
2017-06-14 12:00:00,2.6618065007268585,106.29666836449076
2017-06-14 13:00:00,1.9788211701551734,90.58230615362355
2017-06-14 14:00:00,2.6088651510876173,105.07857551985113
2017-06-14 15:00:00,2.546580579664738,103.6455106037006
2017-06-14 16:00:00,2.3520970747392083,99.17076699847469
2017-06-14 17:00:00,2.3725523457448388,99.64140893369
2017-06-14 18:00:00,2.9214353144313256,112.27029771830826
2017-06-14 19:00:00,2.6944217451247607,107.04709116440007
2017-06-14 20:00:00,2.511253342422538,102.83268933641438
2017-06-14 21:00:00,2.324008646050674,98.52449873678849
2017-06-14 22:00:00,2.12822294168693,94.01979367744795
2017-06-14 23:00:00,1.8335846705755758,87.24065464447344
2017-06-15 00:00:00,1.70187782184432,84.21029801165609
2017-06-15 01:00:00,1.0889725828223338,70.10836273455759
2017-06-15 02:00:00,0.38735957141254057,53.965408413822594
2017-06-15 03:00:00,0.25415866520476416,50.900675990927525
2017-06-15 04:00:00,-0.006694897280645262,44.89886719444919
2017-06-15 05:00:00,-0.047452846431120244,43.96109423322532
2017-06-15 06:00:00,0.12752377313783214,47.98701668757448
2017-06-15 07:00:00,0.2992968851939766,51.93923173541265
2017-06-15 08:00:00,0.5988710616426643,58.831937781963404
2017-06-15 09:00:00,1.202320299442517,72.7163061193055
2017-06-15 10:00:00,1.9680809539701594,90.33519155276812
2017-06-15 11:00:00,3.032094960919428,114.81639305769862
2017-06-15 12:00:00,2.9262573202626543,112.38124409273914
2017-06-15 13:00:00,2.263657298499924,97.13591410271943
2017-06-15 14:00:00,2.5610953301615385,103.97947099274171
2017-06-15 15:00:00,2.422765686414709,100.79673480641927
2017-06-15 16:00:00,2.1073509721199333,93.53956419791368
2017-06-15 17:00:00,2.2255466735011162,96.2590516892727
2017-06-15 18:00:00,2.2107439046746316,95.91846447509579
2017-06-15 19:00:00,2.454597719555909,101.52913721141739
2017-06-15 20:00:00,2.3947413581599224,100.1519413896363
2017-06-15 21:00:00,1.860447304285047,87.85871939221134
2017-06-15 22:00:00,1.7258741091647356,84.76241287238585
2017-06-15 23:00:00,1.6877296336978564,83.88477161568662
2017-06-16 00:00:00,1.393407129368071,77.11289785380595
2017-06-16 01:00:00,0.6145059324077627,59.191670284735025
2017-06-16 02:00:00,0.3511486432909503,53.13225488178693
2017-06-16 03:00:00,-0.04223612251470045,44.081122417590706
2017-06-16 04:00:00,-0.34555314655502667,37.10229964184776
2017-06-16 05:00:00,-0.4260592155136114,35.249988221440944
2017-06-16 06:00:00,-0.24264014190460853,39.47015757216621
2017-06-16 07:00:00,0.02671955100792303,45.66767835331161
2017-06-16 08:00:00,0.2073162329281022,49.82290914194215
2017-06-16 09:00:00,0.9108180261238603,66.00932120590143
2017-06-16 10:00:00,1.8377982868181995,87.33760298126825
2017-06-16 11:00:00,2.4229918860416317,100.80193928550588
2017-06-16 12:00:00,2.355660108783172,99.25274651550126
2017-06-16 13:00:00,2.1545444825778066,94.62540877486325
2017-06-16 14:00:00,2.3393246026388845,98.87689355210846
2017-06-16 15:00:00,2.345500622657641,99.01899355228718
2017-06-16 16:00:00,2.5334377250809896,103.34311526932218
2017-06-16 17:00:00,2.0796638434959944,92.9025291866181
2017-06-16 18:00:00,2.6348280390558787,105.67593860703768
2017-06-16 19:00:00,2.273858246032363,97.3706210242936
2017-06-16 20:00:00,2.6057998046796227,105.0080469717245
2017-06-16 21:00:00,1.7132658058084609,84.47231667714378
2017-06-16 22:00:00,1.7668494935975754,85.70518865963183
2017-06-16 23:00:00,1.4167204952633892,77.64929982268404
2017-06-17 00:00:00,1.1450519493802576,71.3986561555152
2017-06-17 01:00:00,0.5594744105627947,57.925486036585475
2017-06-17 02:00:00,0.14127698364578917,48.303455301714905
2017-06-17 03:00:00,-0.3219217178637671,37.64601970931084
2017-06-17 04:00:00,-0.43327782102945744,35.08390005430796
2017-06-17 05:00:00,-0.7128891160999394,28.650506872481714
2017-06-17 06:00:00,-0.683459610834314,29.327631086911854
2017-06-17 07:00:00,-0.608749851901928,31.046579005701542
2017-06-17 08:00:00,-0.22920515376230113,39.77927441628672
2017-06-17 09:00:00,-0.017629132190982284,44.64728854379805
2017-06-17 10:00:00,0.3747934041690918,53.67628170080725
2017-06-17 11:00:00,0.42110024027435117,54.741725368225715
2017-06-17 12:00:00,0.4641624416619077,55.73251536020834
2017-06-17 13:00:00,0.415413696392458,54.61088740394138
2017-06-17 14:00:00,0.3626550281566473,53.39699775608241
2017-06-17 15:00:00,0.6667036694092691,60.392653833155705
2017-06-17 16:00:00,0.594008910220434,58.720067723921225
2017-06-17 17:00:00,0.3064999897862126,52.104963251945236
2017-06-17 18:00:00,0.3584730315509807,53.300776934807885
2017-06-17 19:00:00,1.0191171511097936,68.50110485186117
2017-06-17 20:00:00,1.0756638677470793,69.80215122474561
2017-06-17 21:00:00,0.6091373470323261,59.06814801950722
2017-06-17 22:00:00,0.4352560298663469,55.06742666087756
2017-06-17 23:00:00,0.46629112407473855,55.7814928198547
2017-06-18 00:00:00,0.18355235466644035,49.2761416290497
2017-06-18 01:00:00,-0.18963968680017018,40.68961033574871
2017-06-18 02:00:00,-0.3830013068960276,36.240679443890436
2017-06-18 03:00:00,-0.5214407796514362,33.05541627383229
2017-06-18 04:00:00,-0.7770070897703029,27.175258404641912
2017-06-18 05:00:00,-0.8519135202817221,25.451785398282738
2017-06-18 06:00:00,-0.9295669612327756,23.66510822762722
2017-06-18 07:00:00,-0.6651371312367136,29.74920102130109
2017-06-18 08:00:00,-0.45033189392423717,34.69151405911421
2017-06-18 09:00:00,-0.3300842113770491,37.45821424136001
2017-06-18 10:00:00,0.13492762492880092,48.15736706494126
2017-06-18 11:00:00,0.11966021926984058,47.806089326158315
2017-06-18 12:00:00,0.23244759262449044,50.401140139656356
2017-06-18 13:00:00,0.08456573830827938,46.998623395710375
2017-06-18 14:00:00,-0.0163968161005731,44.675642097726886
2017-06-18 15:00:00,-0.11387880198125022,42.43274292172062
2017-06-18 16:00:00,0.007371741752799893,45.222517280280535
2017-06-18 17:00:00,0.17802592934018868,49.14898772775677
2017-06-18 18:00:00,0.0825929350800522,46.95323245814342
2017-06-18 19:00:00,0.36190512721024515,53.37974377628731
2017-06-18 20:00:00,0.4959793184502065,56.46456904260787
2017-06-18 21:00:00,0.230923660790874,50.36607699005975
2017-06-18 22:00:00,0.3613480212126592,53.366925689215684
2017-06-18 23:00:00,0.28531340950386697,51.617495100487695
2017-06-19 00:00:00,-0.21363356389505014,40.13755093031994
2017-06-19 01:00:00,-0.47974861091400794,34.01468408174867
2017-06-19 02:00:00,-0.5950263669102117,31.362333684904854
2017-06-19 03:00:00,-0.7394071698073157,28.040370340360102
2017-06-19 04:00:00,-0.9648804619606272,22.852603014804146
2017-06-19 05:00:00,-0.7088172080469459,28.744194738340454
2017-06-19 06:00:00,-0.4965257935203558,33.62866887387688
2017-06-19 07:00:00,0.1055791000143616,47.48210607438071
2017-06-19 08:00:00,0.2685722367984148,51.23230842084414
2017-06-19 09:00:00,0.5923940111501157,58.68291156874622
2017-06-19 10:00:00,2.1287415579665083,94.03172617980334
2017-06-19 11:00:00,2.790820948058287,109.26507729664736
2017-06-19 12:00:00,2.8773491797523336,111.25594871575666
2017-06-19 13:00:00,2.523459135783401,103.11352444276001
2017-06-19 14:00:00,2.9527203681681633,112.99011503238673
2017-06-19 15:00:00,2.7719483368336357,108.8308497439109
2017-06-19 16:00:00,2.453340367024953,101.50020761042339
2017-06-19 17:00:00,2.6101488203141128,105.10811062445903
2017-06-19 18:00:00,2.5942964136931335,104.74337298163513
2017-06-19 19:00:00,2.797703225679858,109.4234271155089
2017-06-19 20:00:00,2.5306805638337444,103.27967755174089
2017-06-19 21:00:00,2.0053549526373207,91.19280457882371
2017-06-19 22:00:00,1.8300331551198934,87.15894015110156
2017-06-19 23:00:00,1.7904776588972462,86.2488336418549
2017-06-20 00:00:00,1.277803684897363,74.45305390413286
2017-06-20 01:00:00,1.0728641245690775,69.73773376740478
2017-06-20 02:00:00,0.3463110707163348,53.0209503423538
2017-06-20 03:00:00,0.14280565774599002,48.33862756301782
2017-06-20 04:00:00,-0.23396494662787132,39.66975945924414
2017-06-20 05:00:00,-0.21652137166287116,40.07110725250199
2017-06-20 06:00:00,-0.20413635349299125,40.35606602511099
2017-06-20 07:00:00,0.19095679319063114,49.446505506176955
2017-06-20 08:00:00,0.5796073930297712,58.388712645869
2017-06-20 09:00:00,1.277266709142323,74.44069898062946
2017-06-20 10:00:00,1.9811022101177271,90.6347891083585
2017-06-20 11:00:00,2.4165295579056645,100.65325180935018
2017-06-20 12:00:00,2.8856737507061796,111.44748331739929
2017-06-20 13:00:00,2.3081466536306605,98.15954054059196
2017-06-20 14:00:00,2.5962282163763355,104.78782056451125
2017-06-20 15:00:00,2.717015386151321,107.56693345509245
2017-06-20 16:00:00,2.3218603400440996,98.4750697707244
2017-06-20 17:00:00,2.6307569697830115,105.58227004012159
2017-06-20 18:00:00,2.8995741561199586,111.7673086427356
2017-06-20 19:00:00,2.8206643368013617,109.9517242849741
2017-06-20 20:00:00,2.653591449591819,106.10765363263883
2017-06-20 21:00:00,2.5806980262593022,104.43049659021972
2017-06-20 22:00:00,2.3876000797303503,99.98763239079292
2017-06-20 23:00:00,2.3358867534115455,98.79779433054898
2017-06-21 00:00:00,1.7198219926241762,84.62316368619744
2017-06-21 01:00:00,1.180075549233988,72.20449122897031
2017-06-21 02:00:00,0.8064746714405081,63.608553288355225
2017-06-21 03:00:00,0.3844707292402436,53.89894093606944
2017-06-21 04:00:00,0.0031758492058674426,45.12597673639333
2017-06-21 05:00:00,-0.08226722032539868,43.16007310285738
2017-06-21 06:00:00,0.03913612736611377,45.953363227609245
2017-06-21 07:00:00,0.4572839098197313,55.57425172553194
2017-06-21 08:00:00,0.701151165548406,61.18523371350942
2017-06-21 09:00:00,1.122801786315603,70.88671672431809
2017-06-21 10:00:00,2.2483983033109087,96.78482987493176
2017-06-21 11:00:00,2.551270553766631,103.7534191465313
2017-06-21 12:00:00,2.8527822816392256,110.69070504496844
2017-06-21 13:00:00,2.284877812432955,97.62416301132377
2017-06-21 14:00:00,2.6708770598367444,106.50536691909737
2017-06-21 15:00:00,2.4861149296681786,102.25429605950809
2017-06-21 16:00:00,2.3842402030051515,99.91032718747407
2017-06-21 17:00:00,2.457332075811496,101.59205022387971
2017-06-21 18:00:00,2.5709164210087923,104.20543804059966
2017-06-21 19:00:00,2.7297358195286745,107.85960957655999
2017-06-21 20:00:00,2.5932282748714677,104.71879687496957
2017-06-21 21:00:00,2.204227143841694,95.76852459266132
2017-06-21 22:00:00,2.082083905068133,92.9582107985282
2017-06-21 23:00:00,1.8340031820991247,87.25028390205202
2017-06-22 00:00:00,1.3201057519847113,75.42635446378408
2017-06-22 01:00:00,0.8848992319550858,65.41297264407197
2017-06-22 02:00:00,0.3596325064224096,53.32745453283006
2017-06-22 03:00:00,0.006081076440445914,45.19282120731459
2017-06-22 04:00:00,-0.2187495298754456,40.01984101932212
2017-06-22 05:00:00,-0.3592823922611719,36.78641241813862
2017-06-22 06:00:00,-0.10972829090208996,42.52823931313439
2017-06-22 07:00:00,0.1425190351552971,48.33203285152644
2017-06-22 08:00:00,0.4875512850182232,56.2706539405593
2017-06-22 09:00:00,1.0554604276011736,69.33730350086758
2017-06-22 10:00:00,2.6420068075621437,105.8411101905049
2017-06-22 11:00:00,3.0233747548226595,114.6157555461384
2017-06-22 12:00:00,3.234992111597356,119.48472072827545
2017-06-22 13:00:00,2.619850989973361,105.33134149257899
2017-06-22 14:00:00,3.3115709168204632,121.24667230920338
2017-06-22 15:00:00,3.0052813656865753,114.19945660415586
2017-06-22 16:00:00,2.695869328378581,107.08039765952182
2017-06-22 17:00:00,2.6804273382346535,106.7251030206528
2017-06-22 18:00:00,3.0935159988938965,116.22958949822879
2017-06-22 19:00:00,3.1544146518119094,117.63076672308442
2017-06-22 20:00:00,3.079555750416763,115.90838728303662
2017-06-22 21:00:00,2.5199195537147028,103.03208451687456
2017-06-22 22:00:00,2.2555044311647388,96.94833011719662
2017-06-22 23:00:00,1.933531108606232,89.5402567861257
2017-06-23 00:00:00,1.6410561607550977,82.81089224137018
2017-06-23 01:00:00,1.216665982609283,73.04637654886538
2017-06-23 02:00:00,0.7105069813029942,61.40049555145062
2017-06-23 03:00:00,0.3421978361554153,52.926311621937295
2017-06-23 04:00:00,-0.24145838419061572,39.49734786152077
2017-06-23 05:00:00,-0.21681119426860868,40.06443891396001
2017-06-23 06:00:00,-0.10567088723890805,42.62159345698631
2017-06-23 07:00:00,0.13621841815521762,48.187066080998115
2017-06-23 08:00:00,0.7358458210332334,61.98350032139318
2017-06-23 09:00:00,1.1726573116074355,72.0338098573333
2017-06-23 10:00:00,1.872956699976314,88.14653988576
2017-06-23 11:00:00,2.0837943000926074,92.99756415757585
2017-06-23 12:00:00,2.2382060133624453,96.55032215003777
2017-06-23 13:00:00,1.816565315989394,86.84906746010657
2017-06-23 14:00:00,2.130270120326644,94.06689587015228
2017-06-23 15:00:00,1.9666847368909415,90.3030669083201
2017-06-23 16:00:00,1.4896771814571106,79.32791243884826
2017-06-23 17:00:00,1.5741417202902284,81.27130170035181
2017-06-23 18:00:00,1.6569576244511812,83.1767586063096
2017-06-23 19:00:00,1.8822626228899693,88.36065377199702
2017-06-23 20:00:00,1.6852394894655598,83.82747751774332
2017-06-23 21:00:00,1.2881233387865187,74.6904920625326
2017-06-23 22:00:00,1.0343789973721143,68.85225467812747
2017-06-23 23:00:00,1.0540570983156796,69.30501521632286
2017-06-24 00:00:00,0.6912544475641594,60.957526610381635
2017-06-24 01:00:00,0.2021568076831194,49.7041993051852
2017-06-24 02:00:00,-0.067843410398459,43.491941099879966
2017-06-24 03:00:00,-0.24664651280667,39.377977607695556
2017-06-24 04:00:00,-0.600263007464116,31.241847251670208
2017-06-24 05:00:00,-0.7417354315217272,27.98680089126032
2017-06-24 06:00:00,-0.4954578651589483,33.65324013820019
2017-06-24 07:00:00,-0.3806956229026007,36.293729416993344
2017-06-24 08:00:00,-0.27250096499695836,38.783109448314065
2017-06-24 09:00:00,-0.0006875910028933396,45.037085370645144
2017-06-24 10:00:00,0.30283690935531543,52.02068183311816
2017-06-24 11:00:00,0.4684241507938319,55.83057023479893
2017-06-24 12:00:00,0.45692554123608403,55.566006257472296
2017-06-24 13:00:00,0.35736593301627745,53.27530442961823
2017-06-24 14:00:00,0.4341744753336721,55.04254188090281
2017-06-24 15:00:00,0.46721269631977225,55.80269667213923
2017-06-24 16:00:00,0.5438583158599314,57.56618553993412
2017-06-24 17:00:00,0.4527534197479024,55.47001264630916
2017-06-24 18:00:00,0.5461124275522408,57.61804891973329
2017-06-24 19:00:00,0.860425799351486,64.84987945998513
2017-06-24 20:00:00,0.8213158115269545,63.95002336172478
2017-06-24 21:00:00,0.9136668994330363,66.07486906625707
2017-06-24 22:00:00,0.8427130468645994,64.44233833739997
2017-06-24 23:00:00,0.8270437748969179,64.08181431988612
2017-06-25 00:00:00,0.6016063014098263,58.894871122564986
2017-06-25 01:00:00,0.06959324402956973,46.65413107974974
2017-06-25 02:00:00,-0.30230461357867805,38.097376815335664
2017-06-25 03:00:00,-0.38748751628608025,36.13745918987697
2017-06-25 04:00:00,-0.6168606745366908,30.859962399157332
2017-06-25 05:00:00,-0.7676846290201763,27.389752799128335
2017-06-25 06:00:00,-0.7011331026388583,28.920993287656437
2017-06-25 07:00:00,-0.4991471908777726,33.5683548587302
2017-06-25 08:00:00,-0.290883546565589,38.36015666703181
2017-06-25 09:00:00,0.013046768291282762,45.353090249552594
2017-06-25 10:00:00,0.3670055624926736,53.497096351626055
2017-06-25 11:00:00,0.5533956892251506,57.78562471804338
2017-06-25 12:00:00,0.6574710887568173,60.180227430977745
2017-06-25 13:00:00,0.7678514303599218,62.719896427174994
2017-06-25 14:00:00,0.5779650826743059,58.35092580238462
2017-06-25 15:00:00,0.5628838645440432,58.003931930522576
2017-06-25 16:00:00,0.7200551027484989,61.620182025100675
2017-06-25 17:00:00,0.6958640150188937,61.06358512932301
2017-06-25 18:00:00,0.8388240902985828,64.35285988249736
2017-06-25 19:00:00,1.1520940767374381,71.56068385226406
2017-06-25 20:00:00,1.067973597020835,69.6252108216616
2017-06-25 21:00:00,0.933659697006458,66.53487025312637
2017-06-25 22:00:00,1.0543105882117454,69.31084759934086
2017-06-25 23:00:00,0.8643447639380315,64.94004834978104
2017-06-26 00:00:00,0.8076156049336689,63.63480427994685
2017-06-26 01:00:00,0.4553868541733353,55.53060361447121
2017-06-26 02:00:00,0.06389571303103753,46.52304032009369
2017-06-26 03:00:00,-0.023250209047397302,44.51795686743116
2017-06-26 04:00:00,-0.285804146761927,38.47702525081492
2017-06-26 05:00:00,-0.33770486760348595,37.28287555271425
2017-06-26 06:00:00,-0.004180993146825074,44.956707968407216
2017-06-26 07:00:00,0.2785774799396361,51.462512508239904
2017-06-26 08:00:00,0.5574469585707598,57.87883772139939
2017-06-26 09:00:00,0.9256807547518913,66.3512879958868
2017-06-26 10:00:00,1.2782563511458827,74.4634690054117
2017-06-26 11:00:00,1.5530079988069894,80.78504974238777
2017-06-26 12:00:00,1.8857667687897657,88.44127837027798
2017-06-26 13:00:00,1.4686457992676623,78.84401513867707
2017-06-26 14:00:00,1.4862047203868518,79.24801685606099
2017-06-26 15:00:00,1.3392428463718462,75.8666673364065
2017-06-26 16:00:00,1.345325244561693,76.0066132532331
2017-06-26 17:00:00,1.5118288540146962,79.83758576646579
2017-06-26 18:00:00,2.1097917375827144,93.5957221720854
2017-06-26 19:00:00,2.3128296800195374,98.26728922804367
2017-06-26 20:00:00,2.199064624097378,95.6497435565957
2017-06-26 21:00:00,2.109980182646655,93.60005798115634
2017-06-26 22:00:00,2.0369433083250663,91.9196003688701
2017-06-26 23:00:00,2.0552711281356317,92.34129317272235
2017-06-27 00:00:00,1.9431242725087698,89.76097961217309
2017-06-27 01:00:00,1.2958515135996278,74.86830457592939
2017-06-27 02:00:00,1.1122588360362162,70.64414088550356
2017-06-27 03:00:00,0.38528231477895664,53.917614176254204
2017-06-27 04:00:00,0.0676959176725308,46.61047674008511
2017-06-27 05:00:00,-0.01322568506710553,44.74860457502683
2017-06-27 06:00:00,0.1957004276188536,49.555648684316125
2017-06-27 07:00:00,0.44110908926374215,55.20209587161361
2017-06-27 08:00:00,0.8588313914112112,64.81319477180247
2017-06-27 09:00:00,1.2730949030775898,74.34471262683789
2017-06-27 10:00:00,2.1644636385939733,94.8536321399737
2017-06-27 11:00:00,3.6882371013072586,129.91313788417602
2017-06-27 12:00:00,3.4104747640516764,123.522286161903
2017-06-27 13:00:00,2.8392639277243923,110.37967009238085
2017-06-27 14:00:00,3.400832843531069,123.30044152675923
2017-06-27 15:00:00,3.2155778363491456,119.0380303827354
2017-06-27 16:00:00,3.152343435109448,117.58311145433593
2017-06-27 17:00:00,3.342390664426764,121.95578369923503
2017-06-27 18:00:00,3.6130364393090337,128.18289509821759
2017-06-27 19:00:00,3.708311704777933,130.37502128936376
2017-06-27 20:00:00,3.5891993733670717,127.63444365791685
2017-06-27 21:00:00,3.1634436019002594,117.83850792296263
2017-06-27 22:00:00,2.592748389208895,104.7077555000177
2017-06-27 23:00:00,2.5686441218501153,104.15315619729711
2017-06-28 00:00:00,2.144139517687493,94.38600775150468
2017-06-28 01:00:00,1.2811878826739023,74.5309186945951
2017-06-28 02:00:00,0.9406435111404043,66.69555625910887
2017-06-28 03:00:00,0.5625465382626467,57.99617061101566
2017-06-28 04:00:00,0.060965680314588655,46.45562511608422
2017-06-28 05:00:00,-0.1322672459026181,42.00965525740325
2017-06-28 06:00:00,0.06897855498429162,46.639988102042636
2017-06-28 07:00:00,0.44667589982570133,55.33017897034823
2017-06-28 08:00:00,0.651738607075383,60.04833251394663
2017-06-28 09:00:00,1.1188422423125932,70.79561416930262
2017-06-28 10:00:00,1.8850806094416588,88.42549097917619
2017-06-28 11:00:00,2.740384626421634,108.10462100087487
2017-06-28 12:00:00,2.9520081244895,112.97372748400475
2017-06-28 13:00:00,2.523755393846773,103.12034085053237
2017-06-28 14:00:00,3.0213373929406564,114.56887922078364
2017-06-28 15:00:00,3.0989527757082462,116.35468073561866
2017-06-28 16:00:00,2.5711376026790047,104.2105270648064
2017-06-28 17:00:00,2.731301455987182,107.89563228055998
2017-06-28 18:00:00,3.1012310726122694,116.4071005771162
2017-06-28 19:00:00,3.603231547259546,127.95730075788947
2017-06-28 20:00:00,3.1058143208630797,116.5125535347299
2017-06-28 21:00:00,2.689958150736561,106.94439124415456
2017-06-28 22:00:00,2.4367396862018484,101.11825341649816
2017-06-28 23:00:00,2.4367381364810843,101.11821775998796
2017-06-29 00:00:00,2.002041608693318,91.11657001779491
2017-06-29 01:00:00,1.5719725620084959,81.22139295794396
2017-06-29 02:00:00,1.0160592118144613,68.43074672913916
2017-06-29 03:00:00,0.36964859388368976,53.557908130084535
2017-06-29 04:00:00,0.23697218247290475,50.50524346450241
2017-06-29 05:00:00,0.008261663959423377,45.24299291755765
2017-06-29 06:00:00,0.3831807767032074,53.869261262884
2017-06-29 07:00:00,0.4061876840538986,54.39861212779644
2017-06-29 08:00:00,0.5966070462754183,58.77984653499314
2017-06-29 09:00:00,1.1282288513167886,71.01158450895875
2017-06-29 10:00:00,2.6556125661192485,106.15415617926865
2017-06-29 11:00:00,2.96584473353703,113.29208496052779
2017-06-29 12:00:00,3.1495361246219797,117.5185198857271
2017-06-29 13:00:00,2.5146586349409747,102.91103948197883
2017-06-29 14:00:00,2.882608847589087,111.37696496866273
2017-06-29 15:00:00,2.9097838108913736,112.00221590346935
2017-06-29 16:00:00,2.6450588633978676,105.91133294455764
2017-06-29 17:00:00,2.832715950184981,110.22901196518973
2017-06-29 18:00:00,2.9004487766780374,111.7874322144018
2017-06-29 19:00:00,2.9689503261374073,113.3635395069393
2017-06-29 20:00:00,2.857362732814796,110.79609364650965
2017-06-29 21:00:00,2.4797354085298364,102.1075138353337
2017-06-29 22:00:00,2.2745979943085093,97.38764140794737
2017-06-29 23:00:00,2.2495439691582977,96.81118975016278
2017-06-30 00:00:00,1.8839243060371447,88.39888635135938
2017-06-30 01:00:00,1.0789805967723793,69.87846367089324
2017-06-30 02:00:00,0.7849690498743871,63.1137445249269
2017-06-30 03:00:00,0.30429532574400175,52.054237580745855
2017-06-30 04:00:00,0.03583932120265165,45.87750917354296
2017-06-30 05:00:00,-0.058707545704770325,43.70214222789823
2017-06-30 06:00:00,0.06599380148797046,46.57131386344357
2017-06-30 07:00:00,0.45606751437518706,55.546264479318
2017-06-30 08:00:00,0.6259243482776737,59.454389138013916
2017-06-30 09:00:00,1.0917139655931978,70.17143741550854
2017-06-30 10:00:00,1.9435564558663576,89.77092343602793
2017-06-30 11:00:00,2.498170231089193,102.531668595361
2017-06-30 12:00:00,2.4104097404196403,100.51244493644225
2017-06-30 13:00:00,1.9805581165777972,90.62227041640374
2017-06-30 14:00:00,2.644365244155938,105.89537391364408
2017-06-30 15:00:00,2.533995654985506,103.35595231312882
2017-06-30 16:00:00,2.3031313834825813,98.04414747405818
2017-06-30 17:00:00,2.117571498542632,93.7747215973524
2017-06-30 18:00:00,2.3620143352190315,99.39894675043072
2017-06-30 19:00:00,2.819906576765266,109.93428948053085
2017-06-30 20:00:00,2.4462155730235953,101.33627789099378
2017-06-30 21:00:00,2.198051984697188,95.62644439977448
2017-06-30 22:00:00,1.9468887926224596,89.84759499023268
