Pred_Normed,Pred_Final
1.3551277437121063,27.836130428282793
1.1019739623756284,25.194216281319918
1.0491227697224492,24.642660966533967
1.6739604432119604,31.16347009856586
1.2610568793013737,26.85440640981588
0.7794314431371053,21.828160913414127
0.7063081254946294,21.06504559934443
0.46108278034956574,18.505872652717603
0.32277411284186613,17.062482696592447
0.8479137634622159,22.542842755923438
0.4073668892148949,17.945293340189846
0.7211340591776161,21.219769118512232
0.3575378770012816,17.42527751581092
-0.193595102591195,11.673650943392193
-0.16700209544388284,11.951175700959958
-0.1435838104912423,12.195569041590158
-0.222435656037275,11.372670781242594
-0.6857914341128594,6.537087529385846
-0.295025273690432,10.615125162970337
-0.5814305440388191,7.6261983079042315
-0.1139280112215661,12.50505711329276
-0.13655200467792977,12.2689530027493
-0.1645106659957551,11.977176271326394
0.5623241934228415,19.562428553422446
0.7047945484983711,21.049249902129
0.6559859049039869,20.539882649839445
0.5222616806510222,19.14433596679001
1.1598898180053365,25.798626444635687
0.6605471843036459,20.587484184806023
0.4670824944856894,18.568485699895003
0.6693294816764639,20.679136284765153
0.5918742325621633,19.870812911867866
0.6135488208848028,20.09700902561687
0.6349702384787588,20.32056304835632
0.46527494967465344,18.549622153072455
0.29765594396781525,16.80034935873029
0.3212859408934077,17.046952126584802
0.24694070754393965,16.271084893994846
-0.1134294812673455,12.5102597744254
-0.4687199554972603,8.802446582010296
-0.34593551559230656,10.083825620076706
-0.6091608003578651,7.336805212207905
-0.4967892695434304,8.509515078152743
-0.11301470415083398,12.514588390518604
-0.5049096722371789,8.424770514423969
0.33153188949272067,17.153878898172707
-0.08487466174305733,12.808258015916879
0.8270811331572578,22.325433320320485
0.8687847638266387,22.760652621661716
0.5349044367554915,19.276275833667228
0.3158391347739912,16.99010923027616
1.3452637211874172,27.733189439148212
1.0376570116371984,24.523004256959418
1.0259748737902517,24.401089407093526
1.1187736697719228,25.369538112978102
0.8406368302525838,22.466900644012107
0.7658532550322118,21.6864588734325
0.03853164918321825,14.096126903118241
0.5604271754506361,19.542631264235798
0.3132365603935381,16.962948750831835
0.06336732843271778,14.355312177824745
-0.1878822879621171,11.733269905857846
0.12624546029917286,15.011508681134286
-0.42640243839549563,9.244072405275793
-0.6916472775376564,6.475975917682096
-0.4836877811916085,8.646242277091723
-0.76024298165951,5.760110801294473
-0.6612902892268425,6.792781601777045
-0.2892044479944405,10.675871329478532
-0.2183140693568627,11.415683680759358
-0.06193800467194374,13.047625085530859
0.46573265703656447,18.554398789424553
0.5087836977328831,19.003679668645965
0.7435268559607313,21.453460459400183
0.4157869118500227,18.03316473914764
0.7704055597769323,21.733966748854584
0.8473454373301824,22.536911701524875
0.36636891693358364,17.51743829336823
0.6631189161094473,20.614322790984733
2.941049633183501,44.386819316487205
1.2842099161341831,27.096031619721202
0.23091982366778624,16.103890868545935
0.5463220533448248,19.39543013834603
0.11686789965078265,14.9136444106099
0.45782471925501766,18.47187151059792
0.21999823836430937,15.989913148884042
-0.3059850810431878,10.500748557808164
-0.35606912476798863,9.978071223284019
-0.7912775406709693,5.436233985928435
-0.6599650395549065,6.806611914079953
-0.5437610194883812,8.019317657312216
-0.8228629625147621,5.106608363248146
-0.6355715257561928,7.061182747897751
-0.1789437411689202,11.826552625561128
0.3511720073764029,17.358843268094372
0.10516978689781711,14.791562846543714
0.8087963112744139,22.13461282634266
0.5579269766691458,19.51653917706188
0.040522466670458085,14.11690308451989
0.12059048538848788,14.95249333426336
0.027682977985327012,13.98291011543233
0.04221304811138368,14.134546001018292
0.25029416773509583,16.306081621570947
-0.20759322690905388,11.527566446960586
-0.08902424541209822,12.764952939684681
0.2144406449404362,15.931914075703766
0.03320986760161207,14.040588763520775
0.22851238934144408,16.07876687169679
-0.33926071136826674,10.153483910838162
-0.13843330006243046,12.24931979456774
-0.22451078758923043,11.351014697833618
-0.6880516678891647,6.51349971822403
-0.6691663310728538,6.710587189095559
-0.9350895828312675,3.9354107839952217
-0.4437052718930199,9.063499947071449
-0.8215236941448234,5.120584974754564
-0.8208273330799125,5.127852202362503
-0.3524398501016793,10.015946352122771
-0.5616722110874863,7.832396370871925
0.0793909344946532,14.522534612018294
-0.33500340677434604,10.197913163189167
-0.2655154984199785,10.923089327475875
-0.09556396645401602,12.696704377697493
-0.01752185932048275,13.511152203862217
-0.4078507302665154,9.437678125472935
-0.30972912029711236,10.461675745150547
-0.30173786596743096,10.545072515896397
-0.10279544223939066,12.621236659696445
0.18488869046613604,15.623509728812794
-0.29260438547817696,10.640389564641158
-0.0977398321488965,12.673997032261656
-0.09366960045789366,12.71647399084828
-0.6555234132550569,6.852964748689594
-0.16329628332645948,11.98984957502702
-0.7211536978236902,6.16804676581099
-0.8903572464457534,4.402237673562851
-0.48963677506970904,8.584158546784494
-0.4815655015044167,8.668390398679335
-0.4820920712881043,8.662895113744055
-0.5826869014866563,7.613086955201696
-0.30593990817302863,10.50121998211043
-0.5093809552125885,8.378108182597654
-0.14195879559160526,12.212527705330874
0.4057409592557765,17.92832512688374
0.7493173503431128,21.513890088165592
0.8009190773355069,22.052405972973663
0.3852501633811468,17.714483077130748
0.6538425409349249,20.517514492579217
0.17558245752048096,15.52638983455619
0.6646043085607336,20.62982435414578
0.2997218153093077,16.82190880253587
0.41796757758145275,18.055922177789274
-0.03145556262381985,13.365740005465142
0.002040679392734033,13.715306957167137
0.2222008157876137,16.01289925805329
0.24174912063226134,16.21690546663358
0.06365852692476795,14.35835112676582
0.07281380036226795,14.453895606829091
-0.11063806164206322,12.539391043803285
-0.3864988158442673,9.66050681275966
-0.65644750454049,6.8433209273443945
-0.5430192504294129,8.027058762976615
-0.8136466870180152,5.202789461111346
-0.706205130878759,6.324050086322895
-0.5135799277789803,8.33428768358202
-0.14544545726267327,12.176140886434323
-0.17245067523209084,11.894314294634803
0.4567991948340155,18.46116913253508
0.5974568040925395,19.929072656694387
0.35918012323119414,17.442416005801856
0.42000088572983685,18.077141791946296
0.4935736223939192,18.844947245206594
0.5777878445106535,19.723807294663875
0.9524765684263325,23.634060719259523
0.19106924925040802,15.688010071656185
0.6820101239832685,20.81147153224224
0.5068272367003691,18.98326203138022
0.24254438672256073,16.225204867588484
-0.10794154335652476,12.567531922317912
0.40072187004872334,17.875945886443485
0.04328801186136291,14.14576432816928
-0.31295595600837867,10.428000471289286
-0.28678786292308966,10.701090823549036
-0.3600308964945969,9.936726153436327
-0.34410742623588414,10.102903569879183
-0.3363614226677117,10.183740902433106
-0.713967928055597,6.2430374955837005
-0.7095260409153229,6.289393052325336
-0.5192645494110795,8.274962943375936
-0.24440691902870337,11.143378569144268
-0.1715742261835717,11.903460921353751
0.7438476291018514,21.456808049529066
2.1039378242430735,35.65071622944741
1.0648393299074048,24.80667906839688
0.6260933899434851,20.227924211985886
0.5093490537720708,19.009579727140512
0.6113483333143042,20.07404472616211
0.5394131448584585,19.32332873431469
0.28843816431500685,16.704152563486797
0.046572941612188584,14.180045871722252
0.6592852529603033,20.5743146629017
0.3056529482830723,16.883806136354792
0.7996372911261962,22.039029245587322
0.04618256428591297,14.175971891963796
0.1558920603950665,15.320900750212601
-0.11437161463440712,12.500427665824748
-0.2853958858513276,10.715617503335219
-0.8319141620865844,5.012149998575337
-0.5182282779581757,8.285777477518254
-0.5013659823901864,8.461752479653928
-0.7791401723495506,5.562899623336534
-0.30418673110982747,10.519516146840616
-0.32111652148744435,10.342836768529086
-0.4397037736706688,9.105259602830355
0.00883693466986532,13.786232711735106
0.06887147465101764,14.412753475696377
0.1284448777099297,15.034461812396552
0.8518464034186902,22.583883806470148
0.8070131679760518,22.116003933830232
0.39188276708607617,17.783700963060568
-0.18798995544110422,11.732146287500647
0.6793022477182196,20.783212121795792
0.30767753036954176,16.904934685285383
0.41817031533007565,18.05803794996294
0.622065087826827,20.185884830649947
-0.12411583741103296,12.398736907469024
0.28150880355429253,16.631837719416552
-0.07682699863706713,12.892243468938604
-0.05203318376933222,13.15099184674452
-0.21976336703983773,11.400558802783614
-0.6713202194176185,6.688109199397081
-0.5491923470266076,7.962636295555438
-0.5295047242410393,8.168096426874307
-0.33049901528140874,10.244921015672448
-0.5237157721288415,8.228509960500253
-0.4365817643337204,9.137840908117163
-0.4497959278159096,8.999937830945765
-0.08763312745035942,12.7794706537943
-0.11380067664326485,12.506385977598226
0.04884081409625099,14.20371340047699
0.11590373448628641,14.903582378059394
0.2801672892649134,16.61783766948345
0.16306205814525515,15.395726883126406
0.15040183042928607,15.263604682422898
0.2405869925398787,16.204777491962847
0.14615451520130068,15.219279679145497
0.24742231164168915,16.276110916803447
0.16053301816627413,15.369333809069085
0.2659684011716803,16.46965800127302
-0.2913640426227235,10.653333788976292
0.01566257031015442,13.857465079922116
-0.15643626089335735,12.061440803958362
0.04935163894049213,14.20904437114429
-0.03771677580569868,13.300397952918946
-0.3164793951773087,10.391229842238374
-0.3072529612445275,10.487516953591589
-0.29930447324747245,10.570467414673082
-0.7661680815256363,5.6982764290174845
-0.5625352341897698,7.823389857396039
-0.3661642591454682,9.872718349680659
-0.6528613240323532,6.880746325329725
-0.2769456459545533,10.803804249788929
-0.1969711767264985,11.63841821658019
-0.028516223327266027,13.396414965283213
-0.053978522912608434,13.13069027757131
-0.0765676625529397,12.894949901628872
-0.18753631795884426,11.736880450568044
-0.28890436941174497,10.679002951090654
-0.4754174086250958,8.73255192717387
-0.36895630325758855,9.843580563154962
-0.45182133139899344,8.978800708872338
-0.0621392099643219,13.045525306078341
-0.25219845173297156,11.06206609429496
-0.06410001185630446,13.025062367581148
-0.16504715672822054,11.971577451319313
-0.074919005529033,12.912155294698469
-0.26870790736166467,10.889773331556693
-0.3611005274915139,9.925563478923364
-0.7312277582339514,6.062913820236487
-0.5232307966433718,8.233571167128208
-0.6979333952866066,6.410373960947536
-0.7777699691689736,5.57719907068379
-0.7651106057203537,5.709312251888855
-0.7575147686041123,5.788582446588224
-0.755350576106382,5.811167970479352
-0.38058873964330525,9.72218439799074
-0.4920528344445183,8.558944538885765
-0.6040608067281457,7.39002877161375
-0.5228743347905829,8.237291204833213
-0.2518117228278302,11.066101999111938
-0.080162268736409,12.857436573253004
-0.4779729596324858,8.705882183889509
-0.5780888273947193,7.661072479763645
-0.4793230905183253,8.691792211112014
-0.47286489559194417,8.759189966143659
-0.27688358405021657,10.804451928137595
0.007222429675379258,13.76938372941789
-0.09628944066260939,12.689133325174316
-0.38705093696350257,9.654744873956915
-0.2894645916053437,10.673156469434732
-0.2843545736500405,10.726484642753249
-0.4665193068780598,8.82541256217013
-0.7375666283867824,5.99676133914727
-0.5288313738636925,8.17512351483003
-0.7986335096395737,5.359467056435308
-0.6881874770722854,6.512082412899654
-0.5845405686862679,7.59374207489787
-0.7723852930105454,5.633393578404206
-0.7711534214652306,5.646249396103736
-0.48907285552548907,8.590043614010266
-0.500285599344249,8.473027362605041
-0.13674947257281597,12.266892226795978
0.3105172661137243,16.93457018192535
0.4621174085188383,18.516670037543605
0.5176924034837019,19.096650967079526
0.29673024328686964,16.79068874172535
0.4712759643677008,18.612248772868515
0.5599154290276556,19.537290675968094
0.08914501195594698,14.624328213913232
0.9592294617549992,23.70453394831322
0.3954396519113058,17.820820631150383
0.1284777594153586,15.034804966041305
-0.12707949210797434,12.36780819200909
-0.2786457115539693,10.786062356564383
-0.23841141776529778,11.2059476507606
-0.016416309074508,13.522689731840662
-0.565496065116665,7.79249061081464
-0.5437893200881692,8.019022312109183
-0.811490220772364,5.225294353796562
-0.41845422606992266,9.3270199894483
-0.7981491515508674,5.364521819907509
-0.42144543301391146,9.29580373859833
-0.6257587269745338,7.163589165790074
-0.45209191363381884,8.975976911296303
-0.28401054724687735,10.730074904042839
0.35060490313958725,17.352924965400508
0.4018171286795355,17.887376011073854
0.5472713872674239,19.405337391980815
-0.15260281939898615,12.10144661885106
0.3112504041407324,16.942221214096403
0.2115652302284201,15.901906233174392
0.4049117687392706,17.91967169044475
0.22091025505256257,15.999430959671786
0.1390353885833922,15.144984437626377
0.25117328409146866,16.315256084328194
0.07818214155334688,14.509919642747338
0.19161736195728213,15.693730178647185
-0.07704456583504563,12.889972936556191
0.1303928590153501,15.054790955187308
-0.047667583123790075,13.196551277239925
-0.3196801795029084,10.357826440770161
-0.39798565162202687,9.540630136279105
-0.3818020219900307,9.709522577262042
-0.5588566739328118,7.861779330908961
-0.45344432067203067,8.961863184581098
-0.639094610591935,7.024415816669786
-0.16496921942917336,11.972390805367757
-0.5577153120405884,7.873690589409427
-0.473100241237159,8.756733897795648
0.08144178130976246,14.54393725979028
0.1483348880668328,15.242034061437133
0.4947518865812296,18.857243616245896
0.26843702439260086,16.495420565736566
0.5261218488100302,19.184620701290516
0.5985030513721494,19.939991298614846
0.20603424701881012,15.84418486432523
0.3055201253507353,16.882419995558752
0.1289742884580794,15.039986745651378
-0.3211210207769059,10.342789813921428
-0.37873639821643035,9.741515442523555
-0.05702837151383047,13.098862042088808
-0.1275656466478234,12.362734680763644
-0.30086204692358176,10.554212567883413
0.08878474572054432,14.620568473651963
-0.8597246239057563,4.721919877872596
-0.1838621781894349,11.775223791850472
-0.658487577816056,6.822030712285765
-0.9371077215975563,3.914349477586743
-0.7372664523757225,5.999893977522298
-0.5448638204701157,8.007808820669336
-0.6465933144889343,6.9461593047394485
-0.3736835937001404,9.794246536102131
-0.39389922423145146,9.583276113268674
-0.037807691515432645,13.2994491561107
0.21550600299432904,15.94303215776164
0.6524265166836767,20.502736856305862
0.6099746656137495,20.05970912306678
0.4815873518470061,18.719858464940167
0.08625460391685397,14.594163900946382
0.7538175126301351,21.56085380463448
0.376654443447637,17.62477810027525
0.10768583392545611,14.817820326094882
0.7006884911211775,21.006399066499448
0.14722650473758608,15.230466967387281
-0.3945404542946259,9.576584233074687
-0.16539226343051847,11.96797591602247
0.24543708165928751,16.255393046630648
-0.024168653086768438,13.441786230380057
-0.20273449884144296,11.578272157735674
-0.4761740676693871,8.724655429547063
-0.650843766411351,6.9018015669030435
-0.5400960523851128,8.057565272604238
-0.8142533207407974,5.1964586285012935
-0.3327878932454285,10.221034273622255
-0.5311452973849984,8.150975397216875
-0.4488679878048851,9.009621817610771
-0.277254412915651,10.800581956215701
0.0771140072619109,14.49877258786037
0.3271057682115992,17.10768787401721
0.09966519035000063,14.73411684903096
0.07270670242208696,14.452777932181764
0.3399905345056273,17.242153360461035
0.42062484950308743,18.083653481050998
0.4110358405161375,17.983582534592152
0.219048101641651,15.979997517223762
0.5102957576397192,19.01945953350849
0.6100668516474752,20.060671176982652
0.33086896749474776,17.14696064083706
-0.41116760208839576,9.40306323430431
-0.2796896012255334,10.775168318653456
-0.14833571213425453,12.145978171924403
0.1627048955072806,15.391999532023648
-0.20528983936993112,11.551604611010202
-0.4786999560527756,8.698295245557341
-0.7485628140605217,5.882005089642668
-0.7303304535783058,6.072278096177262
-0.6217834696970451,7.205074970915202
-0.6173680395684708,7.251154422148451
-0.1492920281120919,12.135998053525709
-0.36150174541255803,9.92137636666288
-0.38465698761722417,9.679728141485672
0.1602108881582663,15.365972058670476
0.12668858168247796,15.016133098139614
1.7934068698419805,32.41001361315227
0.11377719020292193,14.881389751124477
-0.29008091437758265,10.66672452185537
-0.752952903903267,5.836190089760952
-0.33481367544619073,10.199893200292816
-0.485895387361258,8.62320368790009
-0.26020775276584257,10.97848098806302
-0.520452288874264,8.26256768830952
-0.12287860560358818,12.411648664891349
-0.21525884286848534,11.44756803989951
-0.5016506574683144,8.458781609093656
-0.31121501609319846,10.446168929080613
-0.4089941452243027,9.425745441169823
-0.7886096698678261,5.4640758991713785
-0.6857538343272674,6.537479920939129
-0.49036338549184344,8.576575636731034
-0.6806587473354805,6.590652274646606
-0.7753621501363045,5.602327082330119
-0.963183084756736,3.6422268553065393
-0.86354929004822,4.682005642596945
-0.5790144507057877,7.651412670191139
-0.5889095965988846,7.5481468774258795
-0.5082094408206894,8.390334112737781
-0.5248892716698601,8.216263313333837
-0.16249187673569973,11.998244366291123
-0.2792228894063615,10.78003892556723
-0.10728534092103129,12.574380054265415
-0.3119696737953805,10.438293317470219
-0.41107967033619086,9.403980890516637
-0.5004595140912231,8.471212387422877
-0.39353204056257407,9.587108043900797
-0.19308313551486786,11.67899383439934
-0.4713367777862248,8.77513741132043
-0.461248842532247,8.880415154834385
-0.2626267639675521,10.953236174883779
-0.25967842487035026,10.984005056667094
0.02340557408831404,13.938271106652238
-0.5523744490564122,7.929427862620966
-0.5467178774632766,7.988459872478051
-0.8200066474712616,5.136416881539946
-0.7070512202433813,6.315220293419192
-0.503521386497493,8.439258671449867
-0.5936116505630227,7.4990762183898685
-0.5928686563141556,7.506830110142269
-0.5955322761304589,7.479032560219564
-0.6001346413262101,7.43100225367643
-0.2282111203053378,11.312398006826502
0.13255915723342157,15.077398454386605
0.48135157406811657,18.717397886842935
0.16019978349849612,15.36585617038475
0.5133177801850569,19.050997376130546
0.39587405056242886,17.825354017678386
0.0078047320951864785,13.775460640426596
0.301552087685845,16.841009534347346
0.03038182414669252,14.011075287670904
-0.23039357560814674,11.289621892208876
-0.010006123396238822,13.589586462115328
0.10907874933976389,14.832356798428632
-0.1585377157771712,12.039510010124504
-0.04750458863471632,13.19825228855521
-0.13190054158808048,12.31749569516445
-0.029733156458483984,13.383715044949023
-0.5000443942480042,8.47554458021374
-0.48845385383891604,8.596503518753215
-0.85471279715214,4.774223327311919
-0.5529833439953538,7.923073431947598
-0.6404175952873695,7.010609141673144
-0.26121904238695304,10.967927164444099
-0.464864838831897,8.842678599097486
-0.3854190702535805,9.671775043224546
-0.11962811100424584,12.445570843028657
0.3282237241048773,17.11935486739388
0.38702116409578097,17.732965249577756
0.2578757146377524,16.38520268352881
0.3287682688448645,17.12503773906434
0.4085581052351469,17.957724876623466
0.49562883524925827,18.866395456996578
-0.07275506964572384,12.934738140560196
0.23019776884507737,16.096355500751205
0.1540910152141753,15.302105033563237
0.07979312844175554,14.526731910091675
-0.08840119992290621,12.771455045572289
-0.0656244728239346,13.009153085185236
-0.04653435726557856,13.208377628048147
-0.2216041819879197,11.381348048641986
-0.3969353432752785,9.551591159516832
-0.38244163198253484,9.702847604133794
-0.4664493463568642,8.826142670524426
-0.553145520783207,7.921380954166399
-0.8308607170454048,5.02314375637207
-0.8218218961826347,5.117472936774378
-0.2502107201480309,11.08281007120455
-0.17203643040148248,11.898637355789619
-0.10379634249152,12.610791259584943
0.054764163506546476,14.265529504988043
0.2114171848987046,15.900361231362044
0.18013647919341952,15.573915627849873
0.1569763717596236,15.33221662911677
0.3323017886493422,17.161913569678994
0.22828048858832917,16.07634675426022
0.22792164627503952,16.07260187405735
0.5167581081274283,19.08690065599924
0.046458090912287,14.17884728923513
-0.031793930741629145,13.362208794070225
-0.19810377630533035,11.626598401626753
0.018359919836142522,13.885614633266293
-0.15103226165415104,12.117836967447857
-0.41619986248990865,9.350546539211823
-0.395578383932322,9.56575239410746
-0.19090682135311593,11.701705860037725
-0.5643256161577912,7.804705422090307
-0.9341173640197555,3.9455568644468624
-0.8243676105609916,5.090905848600537
-0.6257171005807388,7.164023579047003
-0.722025343540979,6.158950266681142
-0.7284973648823029,6.091408219112978
-0.07864992517174538,12.873219398370054
-0.20498305426327218,11.554806221940446
-0.33126012332374255,10.23697808827949
0.5875256169471276,19.825430737237035
0.6376328748184232,20.348350334711828
0.50079362987311,18.9202952799061
0.28361837627627623,16.653853231050753
0.18135279808234772,15.586609137948411
0.09603997295543582,14.696284061900727
0.30580770286061537,16.885421155911523
0.042255598377172715,14.13499005580804
0.0684079856385634,14.407916502009869
-0.001390475022277373,13.679499412276531
-0.3557690065690319,9.981203258331645
-0.4211379117318091,9.29901303225924
-0.016504196123229314,13.521772542154118
-0.10176824229897316,12.63195652348841
-0.19434653089729775,11.665809033775671
-0.47870811443852923,8.698210104602207
-0.7575830978787667,5.7878693619311115
-0.9344673997467796,3.9419038898229584
-0.7297989664114243,6.077824698948514
-0.6289920330844391,7.129846366815776
-0.5384785089857789,8.07444596372987
-0.6459348843298424,6.953030685221734
-0.47137536477374575,8.774734717322804
-0.019336996273146917,13.492209425411103
0.04226131254188106,14.135049688859938
0.29123866017949185,16.73337855254307
-0.31082071231094827,10.45028388535355
-0.13305843402539377,12.30541192381152
0.052521298896257645,14.242122958530937
-0.04312143585332348,13.243994893229443
-0.22687580633105095,11.326333350239828
-0.2133171503538018,11.467831552838216
-0.10321730156336908,12.616834133650169
-0.18538008640648182,11.759382893992907
-0.36204486716175477,9.915708345331534
-0.4412222974919376,9.089412280524005
-0.23660239258197774,11.224826646755815
-0.13506374891043957,12.284484447492783
-0.1358387434029704,12.276396601035085
-0.6123515986122103,7.303506025429988
-0.7934822825229889,5.413225288770127
-0.5897314924962731,7.5395695676690275
-0.48655566196965716,8.616313058735473
-0.6742988646827209,6.65702404229173
-0.7673561883605248,5.685877340058102
-0.6713476152024734,6.687823296847282
-0.5798952210910531,7.6422209459799735
-0.49374092739152453,8.541327592322535
0.2479954117332402,16.28209179226776
-0.25941328711224426,10.98677203565645
-0.3765417179428975,9.764419136997706
-0.10471817632113581,12.601170997060109
-0.4928885023095307,8.550223504804887
-0.2991999076434754,10.57155866184714
-0.4825636516310868,8.657973698891084
0.0009391836946396649,13.70381174247095
-0.378038895350043,9.748794585977496
-0.18328520666004475,11.781245069659729
0.10150703347820497,14.753338333265564
0.09434396519858099,14.678584516341745
-0.1024611160615552,12.624725689385278
-0.480468900407165,8.679834533296283
-0.5603268090270712,7.846436993603289
-0.8223449674881226,5.112014161975349
-0.8883513862362884,4.423170840889995
-0.6723650515876282,6.677205325567594
-0.8467212820521377,4.857622819458163
-0.7424884078539139,5.945397623646756
-0.7423333761728531,5.9470155350572025
-0.18237203971830834,11.79077488449866
-0.5862514678604813,7.57588712243175
-0.6052512753970833,7.377605034542242
-0.24228649453608025,11.165507329911945
0.020197829989114267,13.904795072951407
-0.19460678669751938,11.663093002923576
-0.5886263735227539,7.551102594885938
-0.6806017313368531,6.591247293897678
-0.006823239090523261,13.622803058885177
-0.10379864056502466,12.610767276878184
-0.2015962173336869,11.590151269328203
-0.39061549961203734,9.617545080064117
-0.2887325050064706,10.680796528896431
-0.37559845953816573,9.774262986497193
-0.08250275407825594,12.833011256345863
0.01292427146188305,13.828888179242742
-0.6521788429684849,6.887868701176331
-0.3557253354565243,9.981659010283435
-0.5356525983296587,8.103937181680646
-0.8066339188701636,5.275974745097109
-0.5996622149117203,7.435932498135945
-0.8724084699622177,4.589551196047831
-0.7654631299412972,5.705633307329778
-0.38236989779254765,9.7035962225046
-0.29878755941623847,10.575861930039546
-0.034945262269126226,13.329321482254018
0.21957151334553987,15.985459844422232
0.9395286770881971,23.49893645953499
1.8315991163818373,32.80858809189502
0.8158658551396688,22.20839062200342
1.2542556019023106,26.783428244357943
0.7611281382264455,21.637147530464198
0.4888054635840444,18.795186715664947
1.7500719056097997,31.957769706469485
1.0021132867426747,24.1520697635505
0.36504430801157894,17.50361466793486
0.22218217346858582,16.012704706717294
0.5592347621801627,19.530187233292793
0.5055617975305492,18.970055901780977
0.34781123157631955,17.323770194786377
-0.004812216059314062,13.643790105446246
-0.2615271984004418,10.964711246723219
-0.4229254461460068,9.280358314039665
-0.3037729407646355,10.52383446498332
-0.38573698323297045,9.668457301757996
-0.3820413462452843,9.707024988119475
-0.2931185062029061,10.635024198148358
-0.025229314445865708,13.430717163052906
0.0409993551215064,14.121879894815578
0.5737565505552763,19.681736690483877
0.9978081541480383,24.10714137794126
0.8460208615051809,22.523088421491998
2.8749531741688212,43.69703633472349
0.9882618676514501,24.00751628360868
1.1431569580793768,25.62400223351721
0.9474073391051168,23.58115821633337
1.062520877294315,24.78248368515888
1.1887007479429632,26.099297455700707
0.5610942151862173,19.549592494302022
0.7997240340100827,22.03993449476384
0.3705446204755522,17.561015956726877
0.32352484501939616,17.070317341407648
0.5538499179530615,19.473990971606852
0.5785051855493063,19.73129346938427
0.3067757335846129,16.895523529460604
-0.34462403459331364,10.097512242438896
-0.13360127673832406,12.299746814504067
-0.4027404449515297,9.491009088958457
-0.38903943818139575,9.633992865153925
-0.38293949883508227,9.69765186313358
-0.19662888630861441,11.641990361118594
-0.2119388459586541,11.482215544501853
-0.13882201777187814,12.245263134578925
0.40137476865243515,17.882759539585745
0.6428291365388167,20.402578548400577
0.971906091493543,23.83682732060757
1.0139006524340726,24.275082771735185
1.064258236774909,24.800614777516692
0.3723301562715048,17.5796498173563
0.847552801889356,22.539075759116933
0.853912453574117,22.605445116378853
0.58296280917702,19.7778132521887
0.5118827760103476,19.036021665279613
0.35124789240100157,17.359635204596255
0.9492930354894956,23.600837353372
0.3944249047551371,17.810230724678043
0.8849313775772455,22.92915876471859
0.13246280353117443,15.07639290666089
0.3397767117251118,17.239921904838273
-0.40146256191512913,9.504345082812499
-0.5590179864533158,7.860095872626206
-0.6189791009626854,7.234341377261146
-0.4009403995804741,9.509794371587304
-0.766233650790789,5.697592147833541
-0.6623213005698448,6.782021962168357
-0.19255301639074485,11.684526160269419
-0.12237209693876733,12.41693459188831
0.3149248508159819,16.980567758249734
0.8319737040551947,22.376492215044628
1.429901854832475,28.616473431466726
1.1675913937614095,25.87900012831704
0.6414395445140646,20.388076758977096
0.5288857426959066,19.21346471191225
0.8198598431767782,22.25007190143102
2.1547132673767173,36.18060901171159
2.1349510195758903,35.9743700933547
0.9794017564148778,23.915052117772447
0.9014414324419118,23.101457781086513
0.6538509600909994,20.517602354934745
0.5158925518277419,19.0778677060624
0.28818383086514077,16.701498338313073
0.34378072079312405,17.281707763795243
0.29306649392291934,16.752453834767035
0.1354563150679259,15.10763320825263
-0.4086947701506569,9.428869720957934
-0.6653603178895241,6.750306761995011
-0.4504764456517907,8.992835943356397
-0.4398082722194405,9.104169055444967
-0.2535565639831719,11.047892827958483
-0.4609853256709786,8.883165218136117
-0.010266715764415818,13.586866918838343
0.42483047042083344,18.12754336229511
1.12780008455678,25.463737823488344
1.1510371513308162,25.706239970286816
0.801765083311707,22.06123489563537
0.4779734402778876,18.682143665461673
0.8449467229070028,22.511878705629393
1.1255298860595357,25.44004602044823
0.5579668935853033,19.516955750201504
0.20050219837617478,15.786452376611608
0.42691138118987026,18.14925975764288
0.36710279496648085,17.525097048244497
0.4929862656864995,18.83881758762671
0.3255813356493076,17.091778888059558
0.2495713846181336,16.29853865329369
-0.11282334673346336,12.516585397497558
-0.18652675168005456,11.74741628937776
-0.2614540486001412,10.965474638410441
-0.15119032428947915,12.116187424983293
-0.5228887204296799,8.237141076230577
-0.7030864519513375,6.356596635438979
-0.4108091853194191,9.406803673524571
-0.509227268791935,8.37971205486366
-0.5179165605671616,8.289030561793064
-0.05904627042950447,13.077803238762563
0.3838403115053137,17.69976985579855
0.8108113636376904,22.155641923033635
-0.0008778098846287906,13.68484958825517
0.06614442474741197,14.384293969060632
0.6196568590122251,20.160752542517287
0.13106939917251498,15.061851331701403
-0.33821195231167306,10.164428765675972
-0.31357382850138177,10.421552350816164
0.0941431310733006,14.676488610390942
0.11145841262835718,14.857190976586875
-0.06766260103230362,12.987883168857747
0.03608355281255529,14.070578556968174
-0.2428956260660075,11.159150430173849
0.04971633182219551,14.212850307908823
0.14471400089163042,15.204246464498144
-0.23817737267700662,11.20839014648995
-0.612017611435792,7.306991517298313
-0.8788232335916542,4.522606690251546
-0.6647406936488617,6.756773163715597
-0.8364735299817108,4.964568412079764
-0.9168012014335434,4.126268425088407
-0.7188728538788086,6.1918496647966785
-0.4391634799175217,9.110898111180571
-0.36352530820152135,9.90025845512624
-0.5785258714325638,7.65651148596639
-0.5047301612429573,8.42664389207081
-0.6173156280286523,7.251701389244023
0.0321863133584647,14.029906946244024
-0.2762630456813954,10.810927869704287
-0.3866946278476159,9.65846331769883
-0.39325814231866996,9.589966447364407
-0.3930899082087914,9.59172213938901
-0.48290525702616544,8.654408703254152
0.09242057360309816,14.658511991888707
-0.4804146043010649,8.680401167735134
-0.5681012272469952,7.765303125599464
-0.36678771398598353,9.866211971800563
-0.264336390023806,10.935394508683146
-0.167159346967352,11.94953462326287
-0.2640551347972237,10.938329689655328
-0.6427434831142338,6.986336164506454
-0.5379086071260526,8.080393462430632
-0.6222260933585377,7.2004557481372355
-0.8941779563299201,4.362364725818869
-0.5945047889120789,7.489755422045806
-0.5888243247039529,7.549036775354203
-0.6836471379600036,6.559465414920876
-0.11964384663046654,12.445406625953547
-0.3288373602890412,10.262262055606875
0.31344531471882364,16.96512731203009
0.468095217948007,18.579054487088044
1.1858728833720815,26.069785846685562
0.2852922833178259,16.671322133432632
1.1165773280189168,25.346617079295736
0.2437467283222891,16.237752510625988
0.25498145880439055,16.35499821496144
0.46943196057112335,18.593004739887803
0.8729529636325201,22.80415197599247
0.9810428320424176,23.93217839135108
0.7042193585189627,21.043247216584398
0.716466384485607,21.17105724173466
0.5417278945329916,19.347485473667117
0.6559714507776289,20.539731806503408
0.2010375501011315,15.792039309930548
-0.1491246578389531,12.137744730545709
-0.3960450733997521,9.560882020456578
-0.35637380136033864,9.974891616819804
-0.41969795148896716,9.31404046466236
-0.4929428328044625,8.549656511484013
-0.6703649473822838,6.6980784232065185
-0.28705812943956227,10.698270320811334
-0.017349103569400864,13.512955083757365
0.32989006465122134,17.13674480579339
0.284555330628604,16.663631291427354
0.9950071400375923,24.07790998046751
1.2200086720512044,26.426027110604284
1.3513375462487385,27.796575908317138
1.7748639956681265,32.21650008415567
1.0704543300197256,24.865277238069176
0.6856739660488668,20.849707406635424
1.276266658444707,27.01313574215615
0.6376947783979223,20.348996360781687
0.7741540288316312,21.773085790935568
0.2486722210426291,16.289154977655834
-0.07740724705998783,12.886187993451829
0.8274945714625166,22.32974796457266
0.37619999442290863,17.620035467946533
0.29786590462371737,16.802540509200984
0.02435054848994131,13.948132864304037
-0.15314636991707314,12.0957741228854
-0.6126237184606064,7.300666181310926
-0.6858480883277184,6.536496285712017
-0.5723892942867744,7.7205528362073395
-0.3758399448924019,9.771742844114675
-0.384094994478698,9.685593104731844
0.7299420177820456,21.31168901921471
1.1453752069727994,25.64715189022816
0.9762024762453397,23.881664413684526
0.911099086922582,23.202245112266247
0.48715177326233505,18.777928795073933
0.8500660466374715,22.56530399406477
0.4670801102998984,18.568460818519988
0.9544833525077916,23.655003528119483
0.4926580950501692,18.835392797200267
1.176697195343746,25.974028319848713
0.994251556600771,24.07002470788572
0.7187831946762846,21.19523548464403
0.26298655960750184,16.43853948757429
0.20014191394493014,15.78269244645844
0.5181860785234446,19.10180296230003
0.35116459075402817,17.358765868185625
-0.00903800655995493,13.599689734332669
-0.27143268569940726,10.861337530993826
-0.43651312213468096,9.138557258454746
-0.4134693853192284,9.379041812824155
-0.6816368413604027,6.580444880437995
-0.6685080093777901,6.717457437646695
-0.38063251596021197,9.721727548125305
-0.48710752317979056,8.610553832345435
-0.5047694374091836,8.426234005800719
0.13472673186413334,15.100019274234695
0.47158937217929137,18.61551949838104
0.7024865933227329,21.025164070201527
0.8360394155370298,22.418922000705436
0.12610484635278613,15.010041233276079
0.2055346110839804,15.83897066117334
0.6789284893425749,20.779311577490475
0.7723451172696653,21.75420798069338
0.7720945020901265,21.751592559407662
0.6806217380913542,20.796982330027177
0.029416191648428208,14.000997942017746
-0.032820583494982264,13.351494640725239
0.10054439052540518,14.743292186524048
0.13365020721751905,15.0887846575585
0.2523987365309897,16.32804491220708
0.2644580823723975,16.453896306617764
-0.3927620123126206,9.595144062625753
-0.37611719919225545,9.768849416834142
-0.3601675773956475,9.93529975085921
-0.6319546819529999,7.0989281481859265
-0.7134314862526184,6.248635804962408
-0.4203501008086159,9.307234631052385
-0.23635257318252723,11.227433763276494
-0.16003339604822625,12.023901083224134
-0.18559300021616448,11.75716092439437
0.3546527141709288,17.395167941869108
1.070611666794262,24.866919205446834
0.7301819347890661,21.314192794317727
0.4987497269991171,18.89896509913885
0.4778038650635016,18.680373977663628
4.6235556583213855,61.945460734740244
2.8077775664711218,42.99599135182634
1.6930773300332813,31.362974026464954
1.018934828496018,24.32761945866967
0.8754537295193547,22.83024998148064
0.8579600079910374,22.64768541481805
0.7546319355951848,21.569353126831516
0.9304581316532453,23.404276201336366
0.14272454313534952,15.183484473255685
0.20792411572832323,15.863907543770136
0.16329219826809452,15.398128626616483
-0.18044209763044516,11.810915769923428
-0.2480490948059258,11.105368804246543
-0.4214168567426415,9.296101960710349
-0.6969594488016151,6.420538071408378
-0.5035015837154854,8.439465333383412
-0.3242047391467049,10.310608113362143
0.02888446104584877,13.995448798750315
0.45848463866901,18.478758432951906
0.21097991920608736,15.895797924374458
0.16048471934694505,15.368829762345415
1.15916685607444,25.791081610255304
0.06445850736994005,14.366699726752106
0.04585494406122423,14.172552845636039
0.14039943342849642,15.159219616553381
0.055188293825571305,14.26995573115015
0.2603580320258101,16.411108160390107
0.0836716101278708,14.567207764654025
0.09855848669606901,14.722567284081222
0.30049188826274476,16.829945287786607
0.11689921307909942,14.91397119770675
0.31258114585694274,16.95610884140123
0.21875594392240078,15.976948557782757
-0.06310983528290873,13.035395855326955
-0.714365699221896,6.238886353673233
-0.7794024435318238,5.560162559947118
-0.3693392644622025,9.83958397807981
-0.7315497634447342,6.059553372222352
-0.8117621744147323,5.222456244204448
-0.8026104847064994,5.317963324450897
-0.5175341967709275,8.29302091231133
-0.43598656725215457,9.144052387881434
-0.3633093233205971,9.902512474439842
-0.20102911309687127,11.596069572022067
-0.41988635202726693,9.312074315688397
0.31411358779337606,16.97210141322808
-0.09876622040663843,12.66328563919421
-0.4968877653577027,8.508487175335063
-0.307679033441224,10.483070461984246
-0.20822985666931923,11.520922575551108
-0.29680061207500924,10.596597722577783
-0.09923924286757593,12.658349174390942
-0.37889923251802127,9.739816102925651
-0.0859123297492135,12.79742890733773
0.010609849182286721,13.804734856585537
0.10224754109579778,14.761066274521365
-0.281587377724924,10.755363113473253
-0.3707252340727488,9.825119992189368
-0.4533416344769892,8.962934818233755
-0.8151099694407707,5.18751863832027
-0.5070281661682083,8.402661901006882
-0.5872121308214875,7.565861638894642
-0.6723424390755165,6.677441309858766
-0.5721560199029656,7.722987288860802
-0.4793046973280861,8.69198416253871
-0.2047366561123513,11.557377634294102
0.24752906126722724,16.27722495643739
0.5904363967362177,19.855807649890256
0.9236707495869955,23.33344304764219
1.4410452155500357,28.732765600475666
1.1984503243923574,26.20104408501262
0.7869035857142767,21.90614023127592
1.1610801045656591,25.811048281220764
0.5054642018395452,18.969037392654293
0.6335202180894659,20.305430628213774
0.29542522939183485,16.777069610092894
0.6277301293331174,20.245005232563706
0.38127605678775084,17.67300928055065
0.6984728253911225,20.983276367694515
0.05495191441229866,14.267488874393443
0.36389384064864716,17.491608384695862
0.18859386004108644,15.662176897303345
-0.27229571625227134,10.852330939763643
-0.15905687080112924,12.034092105659397
-0.14652824269024362,12.164840932216293
-0.14112005249945153,12.22128083249781
-0.6147800803981293,7.2781623771858674
-0.5144793767698022,8.324901029348458
-0.04178792434872444,13.257911426059957
-0.15377200262037743,12.089245016818186
0.29675668453618914,16.790964682737457
0.8272898593100355,22.327611587510308
0.7761355289372251,21.79376473609507
0.7297764369400785,21.3099610167075
1.167579331271423,25.878874244110314
1.0405999909729833,24.55371720424538
0.6455350392612265,20.430817362946026
0.46376048921377777,18.533817236015796
0.9603078066365338,23.715787560970284
9.196741867926875,109.67125523035398
4.920833330828084,65.04785203391566
2.4181948794836705,38.93030445301623
1.9230650871735433,33.76312742733208
1.2287124867304526,26.516860164774965
1.258187210383982,26.824458530428373
0.6411266797336386,20.38481170054056
0.21792925008393854,15.968321176688507
0.06594389896000738,14.382201280925466
0.26441845187298346,16.453482722524726
-0.1445632274248299,12.1853478415
-0.011217701282445591,13.576942429145255
0.2799738816460502,16.615819266591313
0.6340046564121207,20.310486229007868
0.8657115787151587,22.728580846239712
1.3635493855566854,27.92401872531864
1.3743272878453863,28.036496968309038
1.9566455465374721,34.11357327169875
1.7819599989785428,32.290554010720435
1.4398290200262969,28.720073377816874
1.412595784488291,28.435867193514213
1.3139049501612827,27.40592914555142
1.422172611775965,28.535811011697586
0.7815544297682347,21.850316412672257
1.105655338952052,25.232635145957076
0.6678862628060369,20.664074845308015
0.7083804561289935,21.086672452363207
0.9309118455039563,23.409011161385305
0.9492051070319715,23.599919731542975
0.5787771391916746,19.734131578976385
0.7772547137456922,21.80544455443689
0.11733263620487736,14.9184944036473
-0.1509763063618325,12.118420917162506
-0.506678469873211,8.406311333316431
-0.4781674523122521,8.703852457296279
-0.1738228379153649,11.879994397907454
-0.2668442423441109,10.90922254913931
-0.18157036885255973,11.799141125722663
-0.10711695866075982,12.576137292388267
0.3373829794470969,17.214940902635018
0.9557552179085317,23.66827672189723
1.178373254241156,25.99151967900928
1.3033341963649183,27.29561270527847
0.4919838249567282,18.82835611108272
1.1354525245950353,25.543598726569147
0.9328240974800206,23.42896743271355
0.27480913760401976,16.561919971553937
0.8718496891083082,22.79263819745789
0.13895680730983645,15.144164363056692
0.5565445214393866,19.502111867267168
1.0561164951877213,24.715647520987673
1.2503265969679487,26.742425128920445
0.769102754548435,21.720370666877326
0.2976449729878863,16.800234865528065
0.2210615209658447,16.00100957151058
-0.3205985753201882,10.348242057359517
-0.2814353360199372,10.756949821478214
-0.5295676816470833,8.167439403065279
-0.4971917201049538,8.505315102049963
-0.47670393476559836,8.719125733841551
-0.2807687665321526,10.76390614403605
-0.290757268200129,10.659666089930301
0.16163951048008487,15.380881168472248
0.029986480577839564,14.006949480179705
0.2766951469127837,16.581602374273036
0.8034294652866767,22.078604394374075
0.9432062464179357,23.53731559172642
0.5192002743366492,19.1123871149544
0.3074281892392851,16.90233255998444
0.9668046607629872,23.783588763610105
0.9593716560856915,23.70601788907006
0.389801179175424,17.761977501059462
0.4077888625908369,17.949697056482993
0.5272264271858466,19.196148086827055
0.7393620410116957,21.409996429452654
0.2820494288582762,16.637479687832982
0.11626003708291507,14.907300753766298
0.23720556473180682,16.16948889419466
0.06860756018511341,14.409999262990647
-0.2902098847889344,10.665378585987888
-0.26694561078781287,10.90816466754632
-0.4377340413265183,9.1258157395717
-0.5166499767668458,8.302248636761973
-0.5061105419166299,8.41223823235395
-0.6919792158044106,6.472511808245427
-0.6909873647130257,6.482862771269469
-0.034818912028682786,13.330640074004602
0.125450207677999,15.003209420743243
0.3686017507691344,17.540740158609257
0.22712173381641537,16.064253983579025
1.4152764396265194,28.463842524142997
-0.3470333577820443,10.072368533412273
0.49417469053299545,18.851219995356843
0.29579218538739455,16.78089916472512
0.017267081211988694,13.874209763837692
0.5089666038635504,19.00558847795399
-0.14084388841782694,12.224162882255373
0.35819146098830473,17.4320983216169
-0.004704416903337973,13.644915097985171
0.5813224367681277,19.76069431740344
0.11044970180440403,14.846664065308175
-0.0696656379373837,12.966979465549496
0.22765308407887846,16.06979915761507
-0.3328464674168269,10.220422993272237
-0.4091083104707894,9.42455401207802
-0.5776401315100403,7.665755072293605
-0.839111899780371,4.937034371469343
-0.8152899498215698,5.185640362152723
-0.7041478020585304,6.345520380333206
-0.7938310632577918,5.409585411251413
-0.13560800121513833,12.278804627678479
-0.06925373721064385,12.971278063624442
0.3651304582138022,17.504513731882533
-0.1565434998938566,12.060321657204838
0.3787199004206873,17.646333219729666
0.1563347501103583,15.325520662328351
-0.05109984538205578,13.160732170891492
0.04163695431846834,14.128533883271341
0.14148451363489062,15.170543519094865
-0.13408932615910654,12.294653528271583
-0.022514664741835135,13.459047261142947
-0.006593541416010398,13.625200184982273
0.2902886627246102,16.72346437428201
-0.1790149306053048,11.82580969224168
0.30478340871673426,16.87473161702696
0.3979694346550919,17.84722145670498
-0.17542702901305016,11.8632530514696
-0.16700963080988582,11.951097061842104
-0.7208293740503061,6.1714314103562
-0.6920360074244011,6.4719191306109485
-0.758298673991037,5.7804016059914005
-0.35702262772104115,9.968120461626256
-0.16476923094479073,11.974477886205857
-0.3665950517155823,9.86822259623237
-0.19239735470501412,11.686150646411798
-0.30693745150798957,10.490809614803535
1.0913643640459991,25.083494459300653
1.5083893446355765,29.435569273431696
1.6278628400861241,30.682395278366528
1.185959068393746,26.070685274009104
1.7183137611119284,31.626341549294544
1.3158764151960318,27.426503364660647
0.753417830389913,21.55668271874685
1.7334632352559103,31.784441538355487
1.9426623741028357,33.967644813196344
1.105376542382015,25.229725623537078
1.1399168081805837,25.590188012727346
0.518158668268038,19.101516908735483
1.8942741603223814,33.46266516857894
1.057226244266472,24.72722886800628
0.22827804902389676,16.076321294953424
-0.2971162377261559,10.593303851680393
0.041766235931767176,14.129883066843925
-0.48397902438714224,8.643202861624868
-0.34970150511788867,10.044523734272659
-0.32742686193513415,10.276982023587532
-0.3221324644617989,10.33223438249209
-0.23689627600690694,11.221759677841588
0.1184261016091239,14.92990581415613
0.3622877222840491,17.474846925290723
1.443849829292336,28.762034563725724
1.1741761489414746,25.947718666798508
1.387148702283208,28.170301314459937
0.9504227264778233,23.61262681426017
1.5835994175969579,30.220461976601257
1.0880600668714178,25.04901079721506
1.0916501887366903,25.08647732722347
0.8265123771848043,22.31949778010512
1.0490381758303517,24.641778144246665
0.8918042438449224,23.00088403197275
0.3588246113274313,17.43870588176971
0.7809267775269793,21.843766230696737
0.5270197346109623,19.19399104206645
0.5533039841104025,19.46829360325386
0.3823670262474974,17.684394643370013
0.20851646668810106,15.87008932139298
0.03360717962588186,14.044735113822695
-0.23593376114601294,11.231804487815324
-0.21992482527727286,11.398873823798226
-0.5872501329384315,7.565465048609326
-0.4797066081531258,8.68778981912861
-0.4756468314893456,8.730157668998075
-0.19695593699449698,11.63857725850071
0.06630477528179998,14.385967388051398
1.0698828878225646,24.859313664399124
0.8145596278014229,22.19475882687145
1.1315656344981069,25.503035121788873
0.7913356339322629,21.952393108974622
3.5881533667869188,51.13999716488391
1.9799592769217793,34.35687548032313
1.0808322851419836,24.97358163040056
1.3705448086127006,27.99702299583796
1.3055999038845008,27.319257640452907
0.9740336428971166,23.8590304578541
0.5625311937647848,19.56458881004164
1.1053618903846616,25.229572715218332
0.8714020298557582,22.787966423226095
0.9118840219216647,23.21043669790078
0.27829983061000735,16.598348861482172
0.02913906644190664,13.99810586195588
0.06401384095753546,14.362059185815253
-0.4767631817825051,8.71850743167239
-0.5419503495893944,8.03821381756848
-0.2373386169769463,11.217143405233063
-0.14239441141122977,12.207981616426213
-0.2529137874939141,11.054600846662925
0.007193362236606521,13.769080381479318
0.7271505609038603,21.28255736106534
1.6124336255818312,30.5213759174855
1.7164770207702138,31.60717331776565
1.7282949421538587,31.73050520530972
0.9079482926981068,23.169363407747106
13.864628124277239,158.38533989446725
6.085178251114143,77.1989615318991
3.744031515048883,52.76674231133818
2.9590449262253604,44.57461828601095
2.2850653721804326,37.54096423907275
1.970797857616506,34.261266861952585
1.685663692709638,31.285605269725934
2.057176851653819,35.16271848216078
2.0088969767658247,34.65886946277499
1.4464751936719549,28.789432879717015
1.3318014516489125,27.592697125913787
0.43422604657310704,18.225595642709465
0.10149865730317603,14.753250919460447
-0.3349621043405998,10.19834419559738
0.07099337593084176,14.43489764822278
0.06863040939336618,14.410237717443948
-0.23950677404477316,11.194516507068283
0.3879373062526374,17.742526113776783
0.4222934947122977,18.101067470923876
0.7308601859260077,21.321271026625453
1.4086554803178442,28.394746159191584
1.6954066480263434,31.387282800863495
1.6060712958439551,30.454978612047675
0.6870719515832708,20.864296790768236
1.4215150086313193,28.52894826194226
1.5006715084179603,29.35502589549115
1.2122051392555624,26.34458940274049
1.3184525163367435,27.453387569240657
0.9582879020826436,23.694707826793433
1.178179950289501,25.98950235798865
0.6392577495890646,20.365307536065636
0.4899245771813864,18.806865790847105
0.6260444201412928,20.22741316288165
0.9403404211389127,23.507407824568432
0.2914527205173674,16.73561248731565
-0.2559661968016068,11.022745887634695
-0.036995763062847214,13.307922445562998
-0.299882024059504,10.56444009146724
-0.47088430116250235,8.779859459662237
-0.5517621383867729,7.935817939877234
-0.45065764377190787,8.990944958855145
-0.07853280620066155,12.874441652546746
-0.00920840549410637,13.597911450190969
0.3333146048133078,17.172483324306903
0.28662381296798617,16.685217983620166
0.337455842830654,17.21570130527565
0.6776854992377548,20.766339726447512
0.7348408424409674,21.362813178220236
0.4218035239029402,18.09595413307047
0.5058218255522978,18.97276955553577
0.1278269884531203,15.02801351697626
0.7118806415351675,21.123200405027966
0.8133470481025281,22.18210433897908
0.6267958563285856,20.235255154746312
0.6334812921005277,20.305024396395638
0.8307209750401082,22.3634187286847
0.9292922051967939,23.39210858691893
0.5528569832328093,19.46362869982645
0.6592492219525365,20.573938643121764
-0.36710365399355094,9.86291482027797
-0.2321234127262019,11.2715693032647
-0.3813026319243607,9.714734214522133
-0.5332798738248559,8.12869894665603
-0.3139029140569863,10.418118012287533
-0.49005540499760825,8.579789722732093
-0.10828066484419335,12.563992848751319
-0.029784271597278672,13.383181607101115
0.03789890031422491,14.089523532709777
0.3834770957012137,17.695979333823384
0.8146174796971128,22.195362569548514
0.9534240248026212,23.643948378811483
0.33933007033803236,17.23526075305569
0.037271033297960526,14.08297110934117
-0.05032976082213833,13.168768777267518
0.06593434072632051,14.382101531150195
-0.004962996753534812,13.64221655735604
0.30160975009244284,16.84161129951528
-0.25409586594788064,11.042264669917442
0.2374314644728604,16.171846385038897
-0.0417069137552846,13.258756853024282
0.1528689053614781,15.289351088937412
0.05682861880711601,14.287074170983365
-0.03918561679218893,13.285069120928522
-0.2273166855552577,11.32173233241823
-0.5985031727917405,7.448028267583017
-0.8642397949567817,4.674799529866393
-0.4619784541063263,8.872800924743995
-0.6408379644952286,7.006222166486254
-0.5407783989079209,8.050444300828818
-0.45003265511321566,8.99746734366952
-0.2731949268245141,10.842946773667585
0.27213750755235583,16.53403882677435
0.6112589580822122,20.073112005786356
0.5627755984547865,19.567139418627026
0.520914436865164,19.130276123802574
0.5865544733124761,19.815295877336567
1.1357711859271657,25.546924277848696
0.9262161328451253,23.360006680243664
0.541511898906806,19.34523134221591
0.8388503598393758,22.44825702971226
1.1377697892711294,25.567781712490632
1.0535693656296605,24.689065663991258
0.4996725931647551,18.908596135127652
0.9065638887109121,23.154915760709905
0.9277120786132177,23.375618377872463
1.0389158128754712,24.53614111307134
0.2937543878335913,16.759632699110355
0.038351604541161516,14.094247956319883
-0.11389538097323235,12.505397642729992
-0.26463283136123816,10.932300845381052
-0.418701391630645,9.32444056840206
-0.5789685592852104,7.651891593289215
-0.5576030955515373,7.874861681258743
-0.26538726640722127,10.924427557411878
-0.0875913412996911,12.77990673427477
0.35716960554763705,17.421434233051446
0.7826444339471845,21.861691701816326
2.513739594104516,39.92740957975671
1.7444848079218145,31.89946272663918
2.323096844213831,37.93786087425005
2.5347117858211448,40.146275478960234
1.8230691412327338,32.71956922794329
1.8191495099899817,32.67866393639901
2.3150006079088583,37.85336851107721
1.6810558364359869,31.237517658265965
1.3537072597175543,27.821306250105685
0.9467739387409306,23.57454804691777
1.3056864266157537,27.32016059211543
1.4588019165664956,28.918074622411325
0.8367453240903662,22.426288865951044
0.6882550656679404,20.876643775360993
-0.032090062379253464,13.359118362796899
-0.3651127479605629,9.883691925743497
-0.22557033551713795,11.339957250280015
-0.1972021753885445,11.636007513370595
-0.18743649078389973,11.73792224747246
-0.19478928996106953,11.661188397938833
-0.30937446277665637,10.465376952834164
-0.05167481915441979,13.154731741684701
0.7606705069425833,21.632371688063007
1.1692934035317517,25.896762310919236
1.752932884856961,31.987626900414362
1.099653285333621,25.16999768393044
1.4224259464174216,28.53845481330168
1.6665765155090566,31.086411391579674
1.5464191875754811,29.83244890738103
1.4460089231594764,28.784566878282135
1.2689823599055454,26.937116765628467
1.2025186990261465,26.243501663340734
1.5220593238934241,29.57822924635146
1.0786396454663152,24.950699231616078
0.8322686617957654,22.379570395522347
0.4964402514744276,18.87486340084096
0.9207898312943282,23.30337776971721
0.5712555769134039,19.655636516863076
0.21887549317974306,15.97819617443918
0.05638545225466604,14.282449282592612
-0.29752257419607014,10.589063322217921
-0.2724217171766457,10.851015993477327
-0.25662413192769856,11.015879673319315
-0.3468484542899086,10.074298187194719
0.12065115789975042,14.953126512898852
0.18875653931252048,15.663874619005744
0.43529577199410996,18.23675930263267
0.8613333129438208,22.682889242427215
1.277200204156412,27.02287822994191
1.2148824416325223,26.372529743935655
0.787016942142159,21.907323219532664
1.6140569142400243,30.538316566161747
1.5865949384271123,30.251723247189148
1.0032768588156575,24.1642128076101
1.0143995325655812,24.28028908731978
1.8874745560092716,33.3917044634545
0.8537588524045309,22.603842133793417
0.9789146631018735,23.90996880948559
0.728695596114044,21.29868135636097
1.0507036521093465,24.659159063147726
1.0768195333884574,24.931704532733193
0.6216972112539542,20.18204566886821
0.07786596455923603,14.506620018031974
-0.17054313288418282,11.914221416259705
-0.5092619288928719,8.37935034187436
-0.6571630997098213,6.835852972525098
-0.24544019950410695,11.132595248858323
-0.04844706372705926,13.188416613707789
0.03118148994504158,14.019420604001347
-0.2818545992471871,10.752574388310576
0.25720950521129826,16.37825011857285
0.9704575156556668,23.82170997581094
1.3798949600071102,28.09460122324868
1.4023104922369167,28.328529831373704
1.7169977683557744,31.612607842211723
1.6629944402708288,31.049028836211953
1.4409380878075324,28.731647614811152
1.528775482565067,29.648319112338
1.9155717203257132,33.684926612873966
2.114150086334046,35.75729144846329
1.6515287864937063,30.929373215197558
1.488998475180503,29.233206061376105
1.243176368331948,26.66780530658265
1.10137311775397,25.187945863798575
